period,month,GPR,GPRT,GPRA
2010-01,2010-01-01,91.581024,84.97299,100.41094
2010-02,2010-02-01,80.72536,78.846275,80.71174
2010-03,2010-03-01,74.11694,73.49691,70.039345
2010-04,2010-04-01,88.76158,92.056915,81.2684
2010-05,2010-05-01,88.95871,87.49411,85.85739
2010-06,2010-06-01,96.4537,110.69172,70.988625
2010-07,2010-07-01,79.38138,75.18538,84.04823
2010-08,2010-08-01,80.993866,71.95153,85.982574
2010-09,2010-09-01,71.16855,68.94754,69.29395
2010-10,2010-10-01,65.991936,62.09618,76.168915
2010-11,2010-11-01,94.70517,98.68915,83.2665
2010-12,2010-12-01,97.203896,100.39768,91.76211
2011-01,2011-01-01,79.421616,76.59357,78.806984
2011-02,2011-02-01,90.01449,90.18934,85.48683
2011-03,2011-03-01,136.8883,126.96573,157.47984
2011-04,2011-04-01,91.01777,72.92318,111.94474
2011-05,2011-05-01,105.34492,95.50664,123.8261
2011-06,2011-06-01,84.391846,71.39113,98.27276
2011-07,2011-07-01,78.92476,59.019047,102.111755
2011-08,2011-08-01,86.95157,63.504677,112.49906
2011-09,2011-09-01,83.35045,70.60669,95.26744
2011-10,2011-10-01,76.339935,64.185104,92.343315
2011-11,2011-11-01,83.15768,95.57453,70.11004
2011-12,2011-12-01,85.341324,88.89408,77.47648
2012-01,2012-01-01,79.63497,93.6096,62.06843
2012-02,2012-02-01,92.44582,104.2075,78.59986
2012-03,2012-03-01,88.75998,87.85648,85.85699
2012-04,2012-04-01,96.016685,101.920784,86.38437
2012-05,2012-05-01,78.17116,80.63489,69.743546
2012-06,2012-06-01,77.82243,70.23216,82.174736
2012-07,2012-07-01,82.80802,79.336266,91.0008
2012-08,2012-08-01,74.87836,70.98916,78.11162
2012-09,2012-09-01,69.28051,68.402824,65.87126
2012-10,2012-10-01,81.663666,74.20601,88.0309
2012-11,2012-11-01,81.38964,75.65846,89.048416
2012-12,2012-12-01,74.83156,66.240524,82.978615
2013-01,2013-01-01,90.65749,84.13989,108.94932
2013-02,2013-02-01,81.59033,77.605316,85.65817
2013-03,2013-03-01,75.89672,81.891754,69.39681
2013-04,2013-04-01,95.10787,99.52195,87.472755
2013-05,2013-05-01,83.717316,75.32922,98.22759
2013-06,2013-06-01,82.97301,78.821884,86.6342
2013-07,2013-07-01,73.975815,71.55719,72.67587
2013-08,2013-08-01,90.95675,80.73958,106.97909
2013-09,2013-09-01,100.45933,100.38423,100.16348
2013-10,2013-10-01,72.95312,65.50166,78.73003
2013-11,2013-11-01,77.77902,92.49888,52.43838
2013-12,2013-12-01,70.37249,70.09461,66.790726
2014-01,2014-01-01,77.91597,70.48077,83.1459
2014-02,2014-02-01,69.003525,73.278656,59.086555
2014-03,2014-03-01,119.838554,151.67477,74.06189
2014-04,2014-04-01,93.22154,113.13993,60.9063
2014-05,2014-05-01,83.428856,91.69875,76.15044
2014-06,2014-06-01,98.767105,95.32297,107.182014
2014-07,2014-07-01,138.75395,162.7151,118.54684
2014-08,2014-08-01,136.44559,158.59349,112.11449
2014-09,2014-09-01,131.55666,143.39539,120.78192
2014-10,2014-10-01,83.661,86.33345,77.19393
2014-11,2014-11-01,84.38005,88.46994,76.33753
2014-12,2014-12-01,86.52622,81.273224,96.237366
2015-01,2015-01-01,111.985695,83.50391,153.33984
2015-02,2015-02-01,111.9247,118.225204,107.790535
2015-03,2015-03-01,104.23527,117.48873,83.63285
2015-04,2015-04-01,102.19049,110.18873,95.08646
2015-05,2015-05-01,76.26233,77.66873,72.861885
2015-06,2015-06-01,85.90597,81.066086,88.78943
2015-07,2015-07-01,106.80866,120.84297,86.168816
2015-08,2015-08-01,82.47853,85.33859,74.0283
2015-09,2015-09-01,98.767456,115.885185,79.34535
2015-10,2015-10-01,91.931885,79.72632,108.51442
2015-11,2015-11-01,150.71588,113.04398,213.99352
2015-12,2015-12-01,148.23688,115.224365,204.63127
2016-01,2016-01-01,118.21114,124.23914,109.5291
2016-02,2016-02-01,103.74965,91.32202,117.582016
2016-03,2016-03-01,109.72029,98.02693,127.76814
2016-04,2016-04-01,85.22145,80.82244,93.122986
2016-05,2016-05-01,88.33242,84.461365,93.639656
2016-06,2016-06-01,90.16813,80.51286,100.857376
2016-07,2016-07-01,114.61045,97.098045,145.14874
2016-08,2016-08-01,98.73849,82.44047,121.4537
2016-09,2016-09-01,104.54523,95.48959,121.1505
2016-10,2016-10-01,85.74779,79.64809,100.30768
2016-11,2016-11-01,82.918755,81.22565,83.97506
2016-12,2016-12-01,102.180466,93.93662,113.97946
2017-01,2017-01-01,105.20123,108.277,103.17117
2017-02,2017-02-01,114.20636,125.66468,97.1516
2017-03,2017-03-01,96.63588,95.838425,95.674545
2017-04,2017-04-01,119.45992,127.44655,108.06884
2017-05,2017-05-01,102.57996,102.35461,99.7048
2017-06,2017-06-01,126.78902,113.168465,146.67166
2017-07,2017-07-01,102.81346,125.599205,71.955055
2017-08,2017-08-01,138.53162,160.0231,108.43595
2017-09,2017-09-01,115.53445,142.1449,84.09627
2017-10,2017-10-01,91.46157,109.230606,69.157
2017-11,2017-11-01,92.596016,103.94398,80.115875
2017-12,2017-12-01,82.718254,95.90845,62.65748
2018-01,2018-01-01,92.42679,107.64432,75.66629
2018-02,2018-02-01,64.49137,74.68311,52.0022
2018-03,2018-03-01,111.962296,146.92708,64.55759
2018-04,2018-04-01,123.26347,146.39566,94.305855
2018-05,2018-05-01,125.66662,172.2167,63.217903
2018-06,2018-06-01,103.96859,137.02446,56.640434
2018-07,2018-07-01,110.02843,129.10234,84.40847
2018-08,2018-08-01,112.741684,145.11407,68.57559
2018-09,2018-09-01,75.05391,88.62364,51.163918
2018-10,2018-10-01,92.01648,115.21215,61.150475
2018-11,2018-11-01,80.407585,105.166855,47.40217
2018-12,2018-12-01,90.607666,106.0627,66.24093
2019-01,2019-01-01,87.4241,112.98045,55.73351
2019-02,2019-02-01,96.80016,127.85742,57.5117
2019-03,2019-03-01,82.32829,90.7896,66.641205
2019-04,2019-04-01,79.25345,95.4554,57.51553
2019-05,2019-05-01,106.4719,134.97252,64.66344
2019-06,2019-06-01,106.588455,142.65349,53.42064
2019-07,2019-07-01,93.521255,126.93078,47.418858
2019-08,2019-08-01,103.40442,124.72542,70.09744
2019-09,2019-09-01,90.36799,110.87095,67.810234
2019-10,2019-10-01,97.83673,121.31104,69.96658
2019-11,2019-11-01,73.078384,84.5873,53.03253
2019-12,2019-12-01,74.27989,80.11077,63.331352
2020-01,2020-01-01,138.42094,190.84436,81.65094
2020-02,2020-02-01,75.95556,87.16245,56.68605
2020-03,2020-03-01,81.54003,97.09007,62.90299
2020-04,2020-04-01,69.3394,81.760826,47.591232
2020-05,2020-05-01,68.50722,83.35546,42.29556
2020-06,2020-06-01,71.22786,85.86661,49.760887
2020-07,2020-07-01,66.47328,88.737976,36.252083
2020-08,2020-08-01,65.46605,90.00912,28.454628
2020-09,2020-09-01,80.37738,101.257645,49.51808
2020-10,2020-10-01,76.08317,97.65258,42.681442
2020-11,2020-11-01,70.06747,79.036446,62.313946
2020-12,2020-12-01,64.06729,86.81528,31.744429
2021-01,2021-01-01,77.4187,98.475624,48.287487
2021-02,2021-02-01,73.9568,94.48356,46.32678
2021-03,2021-03-01,78.61877,100.85202,49.41804
2021-04,2021-04-01,88.16622,109.58696,67.873795
2021-05,2021-05-01,93.00713,120.78284,52.626114
2021-06,2021-06-01,74.12712,92.54655,46.34864
2021-07,2021-07-01,58.42077,64.036316,50.71583
2021-08,2021-08-01,89.48655,103.20159,76.48286
2021-09,2021-09-01,80.69697,92.04732,67.94028
2021-10,2021-10-01,79.029236,93.80803,61.149113
2021-11,2021-11-01,86.569145,121.50095,39.74269
2021-12,2021-12-01,105.34542,155.31026,47.654934
2022-01,2022-01-01,138.67499,199.48752,63.25153
2022-02,2022-02-01,216.15901,320.60587,105.21831
2022-03,2022-03-01,318.95493,403.71362,250.95586
2022-04,2022-04-01,191.1431,221.91055,184.41782
2022-05,2022-05-01,142.25848,166.42456,140.13734
2022-06,2022-06-01,130.70732,160.72696,114.81469
2022-07,2022-07-01,117.176765,141.24294,97.83873
2022-08,2022-08-01,132.86322,159.38303,111.15858
2022-09,2022-09-01,131.98587,170.3118,108.628075
2022-10,2022-10-01,143.16241,185.2843,112.675026
2022-11,2022-11-01,116.716286,143.04655,98.68261
2022-12,2022-12-01,111.19594,119.13853,109.77222
2023-01,2023-01-01,104.267044,113.021355,94.62994
2023-02,2023-02-01,120.99438,147.05016,103.028755
2023-03,2023-03-01,105.379974,125.085846,86.75404
2023-04,2023-04-01,106.809654,118.166824,93.24841
2023-05,2023-05-01,108.46768,122.471504,92.75944
2023-06,2023-06-01,110.528946,129.40652,95.27891
2023-07,2023-07-01,107.448784,123.80915,91.768005
2023-08,2023-08-01,101.14118,117.609436,83.60505
2023-09,2023-09-01,98.63481,125.651794,68.46592
2023-10,2023-10-01,197.88701,205.04005,221.80394
2023-11,2023-11-01,156.69614,143.49435,189.5544
2023-12,2023-12-01,142.27946,136.17839,173.9638
2024-01,2024-01-01,160.37366,140.83609,208.47115
2024-02,2024-02-01,146.59818,140.24467,171.18118
2024-03,2024-03-01,133.21317,121.53968,151.814
2024-04,2024-04-01,163.94734,170.698,165.99069
2024-05,2024-05-01,130.52187,131.44713,133.1543
2024-06,2024-06-01,113.0928,125.71303,109.73841
2024-07,2024-07-01,92.394875,95.16028,95.1103
2024-08,2024-08-01,140.97507,124.804985,165.17947
2024-09,2024-09-01,130.35878,134.03705,135.55461
2024-10,2024-10-01,130.68921,128.4097,142.81839
2024-11,2024-11-01,128.90164,139.14867,127.42887
2024-12,2024-12-01,142.36644,128.26247,164.81374
2025-01,2025-01-01,113.233154,117.08644,109.50494
2025-02,2025-02-01,136.98059,138.76765,140.78716
2025-03,2025-03-01,175.90112,195.67752,159.82245
2025-04,2025-04-01,140.9737,159.25746,132.05573
2025-05,2025-05-01,166.82773,205.17381,149.21245
2025-06,2025-06-01,221.1349,286.4391,182.07474
2025-07,2025-07-01,134.222,156.11005,119.33243
2025-08,2025-08-01,138.98846,160.41519,121.73106
2025-09,2025-09-01,126.740585,142.89134,115.22395
2025-10,2025-10-01,154.51292,167.99814,151.54868
2025-11,2025-11-01,104.35177,118.69732,88.69731
2025-12,2025-12-01,132.48622,146.35893,123.53462
2026-01,2026-01-01,168.62987,220.17142,100.2221
2026-02,2026-02-01,119.86541,156.00601,81.24062
2026-03,2026-03-01,330.94464,320.1606,450.74365
2026-04,2026-04-01,254.4295,274.10672,310.0836
2026-05,2026-05-01,203.55667,233.46385,215.21938
2026-06,2026-06-01,173.63956,210.58104,177.95995
