country,country_name,period,gasoline_eur_per_l,weekly_observations,month_end
ITA,Italy,2010-01,1.308625,4,2010-01-31
ITA,Italy,2010-02,1.312875,4,2010-02-28
ITA,Italy,2010-03,1.360548,5,2010-03-31
ITA,Italy,2010-04,1.39147,3,2010-04-30
ITA,Italy,2010-05,1.386158,5,2010-05-31
ITA,Italy,2010-06,1.3839124999999999,4,2010-06-30
ITA,Italy,2010-07,1.3677549999999998,4,2010-07-31
ITA,Italy,2010-08,1.3611140000000002,5,2010-08-31
ITA,Italy,2010-09,1.3554350000000002,4,2010-09-30
ITA,Italy,2010-10,1.3522325,4,2010-10-31
ITA,Italy,2010-11,1.3768675,4,2010-11-30
ITA,Italy,2010-12,1.41637,3,2010-12-31
ITA,Italy,2011-01,1.456824,5,2011-01-31
ITA,Italy,2011-02,1.4786625,4,2011-02-28
ITA,Italy,2011-03,1.5262149999999999,4,2011-03-31
ITA,Italy,2011-04,1.54256,3,2011-04-30
ITA,Italy,2011-05,1.546992,5,2011-05-31
ITA,Italy,2011-06,1.5255225,4,2011-06-30
ITA,Italy,2011-07,1.5782025000000002,4,2011-07-31
ITA,Italy,2011-08,1.5817525000000001,4,2011-08-31
ITA,Italy,2011-09,1.593825,4,2011-09-30
ITA,Italy,2011-10,1.591028,5,2011-10-31
ITA,Italy,2011-11,1.58785,4,2011-11-30
ITA,Italy,2011-12,1.64051,3,2011-12-31
ITA,Italy,2012-01,1.7084424999999999,4,2012-01-31
ITA,Italy,2012-02,1.7453875,4,2012-02-29
ITA,Italy,2012-03,1.8055775,4,2012-03-31
ITA,Italy,2012-04,1.8511725,4,2012-04-30
ITA,Italy,2012-05,1.7925925,4,2012-05-31
ITA,Italy,2012-06,1.7580825,4,2012-06-30
ITA,Italy,2012-07,1.7556059999999998,5,2012-07-31
ITA,Italy,2012-08,1.8288875,4,2012-08-31
ITA,Italy,2012-09,1.8709475,4,2012-09-30
ITA,Italy,2012-10,1.829508,5,2012-10-31
ITA,Italy,2012-11,1.75356,4,2012-11-30
ITA,Italy,2012-12,1.7460700000000002,3,2012-12-31
ITA,Italy,2013-01,1.75106,4,2013-01-31
ITA,Italy,2013-02,1.7873275,4,2013-02-28
ITA,Italy,2013-03,1.79554,4,2013-03-31
ITA,Italy,2013-04,1.7395325,4,2013-04-30
ITA,Italy,2013-05,1.7182600000000001,4,2013-05-31
ITA,Italy,2013-06,1.7338125,4,2013-06-30
ITA,Italy,2013-07,1.75611,5,2013-07-31
ITA,Italy,2013-08,1.7673975,4,2013-08-31
ITA,Italy,2013-09,1.766194,5,2013-09-30
ITA,Italy,2013-10,1.726525,4,2013-10-31
ITA,Italy,2013-11,1.704245,4,2013-11-30
ITA,Italy,2013-12,1.7274933333333333,3,2013-12-31
ITA,Italy,2014-01,1.7214099999999999,4,2014-01-31
ITA,Italy,2014-02,1.7144199999999998,4,2014-02-28
ITA,Italy,2014-03,1.7133559999999999,5,2014-03-31
ITA,Italy,2014-04,1.7286633333333332,3,2014-04-30
ITA,Italy,2014-05,1.73739,4,2014-05-31
ITA,Italy,2014-06,1.7467320000000002,5,2014-06-30
ITA,Italy,2014-07,1.7605875000000002,4,2014-07-31
ITA,Italy,2014-08,1.7491375,4,2014-08-31
ITA,Italy,2014-09,1.733072,5,2014-09-30
ITA,Italy,2014-10,1.7048100000000002,4,2014-10-31
ITA,Italy,2014-11,1.6514499999999999,4,2014-11-30
ITA,Italy,2014-12,1.5950699999999998,3,2014-12-31
ITA,Italy,2015-01,1.4659749999999998,4,2015-01-31
ITA,Italy,2015-02,1.492585,4,2015-02-28
ITA,Italy,2015-03,1.56818,5,2015-03-31
ITA,Italy,2015-04,1.5870533333333334,3,2015-04-30
ITA,Italy,2015-05,1.61442,4,2015-05-31
ITA,Italy,2015-06,1.623552,5,2015-06-30
ITA,Italy,2015-07,1.6248625,4,2015-07-31
ITA,Italy,2015-08,1.5558239999999999,5,2015-08-31
ITA,Italy,2015-09,1.4916525,4,2015-09-30
ITA,Italy,2015-10,1.4728124999999999,4,2015-10-31
ITA,Italy,2015-11,1.457418,5,2015-11-30
ITA,Italy,2015-12,1.45564,2,2015-12-31
ITA,Italy,2016-01,1.41455,4,2016-01-31
ITA,Italy,2016-02,1.375276,5,2016-02-29
ITA,Italy,2016-03,1.3896166666666667,3,2016-03-31
ITA,Italy,2016-04,1.4223824999999999,4,2016-04-30
ITA,Italy,2016-05,1.456252,5,2016-05-31
ITA,Italy,2016-06,1.4773399999999999,4,2016-06-30
ITA,Italy,2016-07,1.4552825,4,2016-07-31
ITA,Italy,2016-08,1.43553,5,2016-08-31
ITA,Italy,2016-09,1.4531475,4,2016-09-30
ITA,Italy,2016-10,1.4785,5,2016-10-31
ITA,Italy,2016-11,1.4718875,4,2016-11-30
ITA,Italy,2016-12,1.4956066666666665,3,2016-12-31
ITA,Italy,2017-01,1.5443060000000002,5,2017-01-31
ITA,Italy,2017-02,1.5514825,4,2017-02-28
ITA,Italy,2017-03,1.5438075000000002,4,2017-03-31
ITA,Italy,2017-04,1.54148,3,2017-04-30
ITA,Italy,2017-05,1.53475,5,2017-05-31
ITA,Italy,2017-06,1.506125,4,2017-06-30
ITA,Italy,2017-07,1.4902039999999999,5,2017-07-31
ITA,Italy,2017-08,1.4985875,4,2017-08-31
ITA,Italy,2017-09,1.5196450000000001,4,2017-09-30
ITA,Italy,2017-10,1.5246819999999999,5,2017-10-31
ITA,Italy,2017-11,1.5426175,4,2017-11-30
ITA,Italy,2017-12,1.5462433333333332,3,2017-12-31
ITA,Italy,2018-01,1.5653739999999998,5,2018-01-31
ITA,Italy,2018-02,1.56088,4,2018-02-28
ITA,Italy,2018-03,1.546755,4,2018-03-31
ITA,Italy,2018-04,1.5694325,4,2018-04-30
ITA,Italy,2018-05,1.6160675,4,2018-05-31
ITA,Italy,2018-06,1.64468,4,2018-06-30
ITA,Italy,2018-07,1.6308599999999998,5,2018-07-31
ITA,Italy,2018-08,1.628725,4,2018-08-31
ITA,Italy,2018-09,1.640175,4,2018-09-30
ITA,Italy,2018-10,1.6567479999999999,5,2018-10-31
ITA,Italy,2018-11,1.625295,4,2018-11-30
ITA,Italy,2018-12,1.53972,3,2018-12-31
ITA,Italy,2019-01,1.4886599999999999,4,2019-01-31
ITA,Italy,2019-02,1.515015,4,2019-02-28
ITA,Italy,2019-03,1.551975,4,2019-03-31
ITA,Italy,2019-04,1.5981675,4,2019-04-30
ITA,Italy,2019-05,1.627235,4,2019-05-31
ITA,Italy,2019-06,1.6034125000000001,4,2019-06-30
ITA,Italy,2019-07,1.5935739999999998,5,2019-07-31
ITA,Italy,2019-08,1.5781825,4,2019-08-31
ITA,Italy,2019-09,1.57667,5,2019-09-30
ITA,Italy,2019-10,1.5777275,4,2019-10-31
ITA,Italy,2019-11,1.5741125,4,2019-11-30
ITA,Italy,2019-12,1.57974,3,2019-12-31
ITA,Italy,2020-01,1.5895350000000001,4,2020-01-31
ITA,Italy,2020-02,1.5544525,4,2020-02-29
ITA,Italy,2020-03,1.498612,5,2020-03-31
ITA,Italy,2020-04,1.4132266666666666,3,2020-04-30
ITA,Italy,2020-05,1.3649525,4,2020-05-31
ITA,Italy,2020-06,1.380964,5,2020-06-30
ITA,Italy,2020-07,1.4031974999999999,4,2020-07-31
ITA,Italy,2020-08,1.3994620000000002,5,2020-08-31
ITA,Italy,2020-09,1.39219,4,2020-09-30
ITA,Italy,2020-10,1.3884325,4,2020-10-31
ITA,Italy,2020-11,1.388908,5,2020-11-30
ITA,Italy,2020-12,1.4164766666666664,3,2020-12-31
ITA,Italy,2021-01,1.4640700000000002,3,2021-01-31
ITA,Italy,2021-02,1.4969675,4,2021-02-28
ITA,Italy,2021-03,1.5613,5,2021-03-31
ITA,Italy,2021-04,1.5749933333333335,3,2021-04-30
ITA,Italy,2021-05,1.588452,5,2021-05-31
ITA,Italy,2021-06,1.610895,4,2021-06-30
ITA,Italy,2021-07,1.6481975,4,2021-07-31
ITA,Italy,2021-08,1.654344,5,2021-08-31
ITA,Italy,2021-09,1.6660775,4,2021-09-30
ITA,Italy,2021-10,1.7199099999999998,4,2021-10-31
ITA,Italy,2021-11,1.74784,5,2021-11-30
ITA,Italy,2021-12,1.7269033333333335,3,2021-12-31
ITA,Italy,2022-01,1.757226,5,2022-01-31
ITA,Italy,2022-02,1.843345,4,2022-02-28
ITA,Italy,2022-03,2.0363375,4,2022-03-31
ITA,Italy,2022-04,1.7747866666666667,3,2022-04-30
ITA,Italy,2022-05,1.833652,5,2022-05-31
ITA,Italy,2022-06,2.023065,4,2022-06-30
ITA,Italy,2022-07,2.0049200000000003,4,2022-07-31
ITA,Italy,2022-08,1.7977519999999998,5,2022-08-31
ITA,Italy,2022-09,1.7041024999999999,4,2022-09-30
ITA,Italy,2022-10,1.6718319999999998,5,2022-10-31
ITA,Italy,2022-11,1.6886425,4,2022-11-30
ITA,Italy,2022-12,1.6698025,4,2022-12-31
ITA,Italy,2023-01,1.8306919999999998,5,2023-01-31
ITA,Italy,2023-02,1.8621425,4,2023-02-28
ITA,Italy,2023-03,1.8547425,4,2023-03-31
ITA,Italy,2023-04,1.8742675000000002,4,2023-04-30
ITA,Italy,2023-05,1.8259819999999998,5,2023-05-31
ITA,Italy,2023-06,1.8367675,4,2023-06-30
ITA,Italy,2023-07,1.8625820000000002,5,2023-07-31
ITA,Italy,2023-08,1.9405450000000002,4,2023-08-31
ITA,Italy,2023-09,1.98081,4,2023-09-30
ITA,Italy,2023-10,1.928256,5,2023-10-31
ITA,Italy,2023-11,1.827545,4,2023-11-30
ITA,Italy,2023-12,1.77724,4,2023-12-31
ITA,Italy,2024-01,1.7808619999999997,5,2024-01-31
ITA,Italy,2024-02,1.8473950000000001,4,2024-02-29
ITA,Italy,2024-03,1.8583175,4,2024-03-31
ITA,Italy,2024-04,1.9073619999999998,5,2024-04-30
ITA,Italy,2024-05,1.891925,4,2024-05-31
ITA,Italy,2024-06,1.851455,4,2024-06-30
ITA,Italy,2024-07,1.86294,5,2024-07-31
ITA,Italy,2024-08,1.824915,4,2024-08-31
ITA,Italy,2024-09,1.763072,5,2024-09-30
ITA,Italy,2024-10,1.75408,4,2024-10-31
ITA,Italy,2024-11,1.7562225,4,2024-11-30
ITA,Italy,2024-12,1.756494,5,2024-12-31
ITA,Italy,2025-01,1.805,4,2025-01-31
ITA,Italy,2025-02,1.8238125,4,2025-02-28
ITA,Italy,2025-03,1.785842,5,2025-03-31
ITA,Italy,2025-04,1.730315,4,2025-04-30
ITA,Italy,2025-05,1.695745,4,2025-05-31
ITA,Italy,2025-06,1.7121400000000002,5,2025-06-30
ITA,Italy,2025-07,1.727535,4,2025-07-31
ITA,Italy,2025-08,1.7046825,4,2025-08-31
ITA,Italy,2025-09,1.7076280000000001,5,2025-09-30
ITA,Italy,2025-10,1.6954799999999999,4,2025-10-31
ITA,Italy,2025-11,1.71265,4,2025-11-30
ITA,Italy,2025-12,1.7044640000000002,5,2025-12-31
ITA,Italy,2026-01,1.635775,4,2026-01-31
ITA,Italy,2026-02,1.64733,4,2026-02-28
ITA,Italy,2026-03,1.749368,5,2026-03-31
ITA,Italy,2026-04,1.7598725,4,2026-04-30
ITA,Italy,2026-05,1.905775,4,2026-05-31
ITA,Italy,2026-06,1.8860160000000001,5,2026-06-30
