period,month_start,month_end,brent_usd_bbl,wti_usd_bbl,log_brent,brent_usd_bbl_log_return,wti_usd_bbl_log_return,usd_broad_index,usd_broad_index_log_return,usd_broad_index_log_return_lag1,cny_per_usd,cny_per_usd_log_return,jpy_per_usd,krw_per_usd,usd_per_eur,eur_per_usd,stock_reference_date,us_crude_stock_month_end_kbbl,stock_log_lag1,GPR,GPR_z,GPR_z_lag1,GPRT,GPRA
2010-01,2010-01-01,2010-01-31,76.16736842105263,78.32578947368421,4.3329331350292115,,,92.4403,,,6.826915789473684,,91.10105263157897,1138.1947368421054,1.4265736842105263,0.7011111489183101,2010-01-29,308283,,91.581024,-0.3950262540828786,,84.97299,100.41094
2010-02,2010-02-01,2010-02-28,73.75210526315789,76.38736842105263,4.300709540753625,-0.03222359427558619,-0.02505956854700564,93.88668,0.015525492367731708,,6.8284631578947375,0.0002266313419261312,90.13947368421051,1155.6552631578948,1.3679947368421053,0.7310646257460809,2010-02-26,320730,12.638773471257581,80.72536,-0.6753754079378078,-0.3950262540828786,78.846275,80.71174
2010-03,2010-03-01,2010-03-31,78.82739130434783,81.20347826086957,4.367260541848203,0.06655100109457734,0.061140734275009656,93.14987826086956,-0.007878732985216352,0.015525492367731708,6.826182608695651,-0.0003340327181347025,90.71608695652174,1136.0821739130436,1.357004347826087,0.7369748265905622,2010-03-26,333386,12.678354926675656,74.11694,-0.8460388473476853,-0.6753754079378078,73.49691,70.039345
2010-04,2010-04-01,2010-04-30,84.81761904761905,84.29285714285714,4.440503293004249,0.07324275115604628,0.03733904804124144,92.63908636363637,-0.0054986385789792536,-0.007878732985216352,6.825550000000001,-9.267815510849431e-05,93.45272727272727,1115.459090909091,1.3416818181818182,0.7454035141810457,2010-04-30,339942,12.717056256815479,88.76158,-0.4678388190021095,-0.8460388473476853,92.056915,81.2684
2010-05,2010-05-01,2010-05-31,75.94550000000001,73.7435,4.3300159777802065,-0.11048731522404243,-0.13370427427390563,95.53064,0.030735882172828077,-0.0054986385789792536,6.827450000000001,0.00027832710939224015,91.973,1164.841,1.256315,0.7963289326581228,2010-05-28,342581,12.736530293805222,88.95871,-0.4627479071334829,-0.4678388190021095,87.49411,85.85739
2010-06,2010-06-01,2010-06-30,74.7609090909091,75.3359090909091,4.314295142637948,-0.015720835142258416,0.021364045749367122,96.06062727272727,0.005532492499399133,0.030735882172828077,6.818440909090909,-0.0013204109981599377,90.8059090909091,1214.1113636363636,1.2223363636363638,0.8181993738766128,2010-06-25,342606,12.744263405073928,96.4537,-0.269188664267164,-0.4627479071334829,110.69172,70.988625
2010-07,2010-07-01,2010-07-31,75.58,76.31952380952382,4.325191697921343,0.01089655528339506,0.012971886235628283,94.45469047619048,-0.016859272566242645,0.005532492499399133,6.776233333333334,-0.00620944799737666,87.50047619047619,1203.809523809524,1.281057142857143,0.7807534366457625,2010-07-30,337388,12.744336377853655,79.38138,-0.7100838933697398,-0.269188664267164,75.18538,84.04823
2010-08,2010-08-01,2010-08-31,77.03954545454545,76.59909090909092,4.344318867349742,0.01912716942839854,0.003656420921052117,93.68223181818183,-0.00821171080400962,-0.016859272566242645,6.787286363636364,0.001629817775423703,85.37272727272727,1179.515909090909,1.2902909090909092,0.775228884829166,2010-08-27,341105,12.72898888236786,80.993866,-0.6684412001449936,-0.7100838933697398,71.95153,85.982574
2010-09,2010-09-01,2010-09-30,77.8404761904762,75.24190476190476,4.354661555413974,0.010342688064231886,-0.017876888721406914,92.76259523809524,-0.009865052871576907,-0.00821171080400962,6.739647619047619,-0.007043568276955625,84.35714285714286,1159.9309523809522,1.3102857142857145,0.7636201795572184,2010-09-24,337343,12.739945626757233,71.16855,-0.9221814620909508,-0.6684412001449936,68.94754,69.29395
2010-10,2010-10-01,2010-10-31,82.6647619047619,81.89285714285714,4.414793415756759,0.060131860342785615,0.08470345275552127,90.22912,-0.02769127687815054,-0.009865052871576907,6.667789999999999,-0.010719170825698843,81.7285,1121.94,1.390095,0.7194046314425158,2010-10-29,347394,12.728855495877342,65.991936,-1.0558682964231094,-0.9221814620909508,62.09618,76.168915
2010-11,2010-11-01,2010-11-30,85.2747619047619,84.25285714285714,4.445878536213587,0.031085120456827653,0.02841070864961104,90.509535,0.0031029911669895327,-0.02769127687815054,6.65381,-0.002098847755827027,82.518,1129.623,1.365425,0.7327644937278426,2010-11-26,338658,12.758214861482825,94.70517,-0.31434471423241345,-1.0558682964231094,98.68915,83.2665
2010-12,2010-12-01,2010-12-31,91.44681818181816,89.14590909090909,4.515757581249826,0.06987904503623898,0.056451973992480475,91.18347142857144,0.00741844204749853,0.0031029911669895327,6.649685714285714,-0.0006200303942647256,83.33761904761904,1145.4833333333331,1.3221333333333334,0.7563903045854395,2010-12-31,313918,12.73274602757383,97.203896,-0.24981473985080832,-0.31434471423241345,100.39768,91.76211
2011-01,2011-01-01,2011-01-31,96.5235,89.1705,4.569786502014013,0.054028920764187305,0.00027581207329330226,90.11122,-0.011828961156346018,0.00741844204749853,6.596415,-0.008043272903747622,82.625,1118.8674999999998,1.337065,0.748195491224233,2011-01-28,321573,12.656887084288892,79.421616,-0.7090447926243124,-0.24981473985080832,76.59357,78.806984
2011-02,2011-02-01,2011-02-28,103.71631578947368,88.57842105263158,4.641659439305627,0.07187293729161404,-0.0066619941620205125,89.3966894736842,-0.007961034165052894,-0.011828961156346018,6.576126315789473,-0.003080453462660282,82.53684210526316,1117.4368421052632,1.365589473684211,0.7323262312430296,2011-02-25,324722,12.680979857538631,90.01449,-0.43548223000337305,-0.7090447926243124,90.18934,85.48683
2011-03,2011-03-01,2011-03-31,114.64347826086956,102.85652173913044,4.741827123786003,0.10016768448037539,0.14944675105314698,88.48722608695653,-0.01022544740246012,-0.007961034165052894,6.564460869565217,-0.001775483716848436,81.64695652173914,1119.267391304348,1.4019826086956524,0.7133320351054094,2011-03-25,333920,12.690724710646313,136.8883,0.7750409559995016,-0.43548223000337305,126.96573,157.47984
2011-04,2011-04-01,2011-04-30,123.25888888888888,109.5325,4.814286931124563,0.07245980733856072,0.0628862845828202,86.92136666666667,-0.017854325060600473,-0.01022544740246012,6.526685714285714,-0.005771115598121934,83.17714285714285,1083.1761904761904,1.4459761904761903,0.6916749702924696,2011-04-29,344418,12.718656722311028,91.01777,-0.4095723732613466,0.7750409559995016,72.92318,111.94474
2011-05,2011-05-01,2011-05-31,114.98904761904762,100.90047619047618,4.7448368857325764,-0.06945004539198685,-0.08208666209371263,86.94640476190476,0.00028801307114534325,-0.017854325060600473,6.495680952380953,-0.00476177968003455,81.1257142857143,1084.3619047619047,1.433452380952381,0.6978308388772978,2011-05-27,351529,12.749611314978317,105.34492,-0.0395715718683919,-0.4095723732613466,95.50664,123.8261
2011-06,2011-06-01,2011-06-30,113.8331818181818,96.26409090909092,4.7347340593156275,-0.010102826416948929,-0.047039285270232156,86.94125454545454,-5.923613524139171e-05,0.00028801307114534325,6.47455,-0.003258380078845491,80.42590909090909,1080.4522727272729,1.4402863636363636,0.6943766071969288,2011-06-24,337405,12.770047490385814,84.391846,-0.5806878561011863,-0.0395715718683919,71.39113,98.27276
2011-07,2011-07-01,2011-07-31,116.9735,97.3035,4.7619474134172295,0.027213354101601972,0.01073959825994475,86.31780499999999,-0.007196763482025581,-5.923613524139171e-05,6.457535,-0.002631441073629892,79.24249999999999,1057.425,1.4275,0.7006001760346161,2011-07-29,332927,12.729039268189892,78.92476,-0.7218761734765332,-0.5806878561011863,59.019047,102.111755
2011-08,2011-08-01,2011-08-31,110.21954545454544,86.33304347826088,4.702474244463147,-0.05947316895408239,-0.11962254413690232,86.89824347826087,0.0067019269395798275,-0.007196763482025581,6.403604347826088,-0.008386654839890983,76.96565217391304,1073.8869565217392,1.4333173913043478,0.6977215195652703,2011-08-26,335107,12.715678525711317,86.95157,-0.5145825992046801,-0.7218761734765332,63.504677,112.49906
2011-09,2011-09-01,2011-09-30,112.83380952380952,85.51523809523809,4.725916023974956,0.023441779511808924,-0.009517832232189605,89.72526666666667,0.032014590144945565,0.0067019269395798275,6.388457142857143,-0.0023682206436175246,76.79571428571428,1121.909523809524,1.3746714285714283,0.7276418400495099,2011-09-30,314342,12.722205162794003,83.35045,-0.6075820642701117,-0.5145825992046801,70.60669,95.26744
2011-10,2011-10-01,2011-10-31,109.55,86.32238095238095,4.696381066041475,-0.029534957933480932,0.009394320029446845,90.609845,0.009810462531076425,0.032014590144945565,6.370955,-0.00274341068983186,76.643,1150.685,1.373245,0.7284500652977847,2011-10-28,317407,12.65823684414746,76.339935,-0.7886296674694451,-0.6075820642701117,64.185104,92.343315
2011-11,2011-11-01,2011-11-30,110.76809523809524,97.1604761904762,4.707438783733213,0.011057717691738134,0.11827510178945921,91.26488,0.007203176056989946,0.009810462531076425,6.35641,-0.0022856272813789325,77.5595,1133.4775,1.35576,0.7376952588680827,2011-11-25,312476,12.667940141021552,83.15768,-0.6125603784836516,-0.7886296674694451,95.57453,70.11004
2011-12,2011-12-01,2011-12-31,107.8705,98.56285714285715,4.680931433585643,-0.026507350147570108,0.014330483015468687,92.20559047619048,0.010254715294838235,0.007203176056989946,6.348209523809524,-0.0012909441819921597,77.79666666666667,1148.1261904761905,1.3154571428571429,0.760340829355392,2011-12-30,307231,12.652282945209322,85.341324,-0.5561674440928679,-0.6125603784836516,88.89408,77.47648
2012-01,2012-01-01,2012-01-31,110.686,100.2735,4.706697363785502,0.025765930199859177,0.017206964447789908,91.646265,-0.0060845423652322594,0.010254715294838235,6.31717,-0.004901485327576616,76.964,1140.3275,1.290985,0.7747183127954271,2012-01-27,313351,12.63535518662277,79.63497,-0.7035348935180428,-0.5561674440928679,93.6096,62.06843
2012-02,2012-02-01,2012-02-29,119.327,102.204,4.78186762369849,0.07517025991298798,0.019069363265838746,89.9605,-0.018565535489678098,-0.0060845423652322594,6.29969,-0.0027708972254740782,78.47,1122.69,1.323835,0.7554338295473502,2012-02-24,319264,12.65507924696734,92.44582,-0.3726927674479637,-0.7035348935180428,104.2075,78.59986
2012-03,2012-03-01,2012-03-31,125.44545454545457,106.15772727272729,4.831871038959139,0.05000341526064833,0.03795516533924559,90.51121363636364,0.006103065512640171,-0.018565535489678098,6.312481818181817,0.002028488471692791,82.4659090909091,1126.17,1.32075,0.7571789535858094,2012-03-30,336811,12.673773625713233,88.75998,-0.46788013924250815,-0.3726927674479637,87.85648,85.85699
2012-04,2012-04-01,2012-04-30,119.42166666666668,103.321,4.782660647366012,-0.049210391593126346,-0.027085334437172648,90.81560952380951,0.003357431273308009,0.006103065512640171,6.304328571428571,-0.001292442009732886,81.25238095238095,1135.0238095238096,1.3160190476190476,0.7598955929682331,2012-04-27,350051,12.727277221149514,96.016685,-0.2804746423033221,-0.46788013924250815,101.920784,86.38437
2012-05,2012-05-01,2012-05-31,110.3395238095238,94.65454545454546,4.703562192169971,-0.07909845519604097,-0.0876067465269772,92.49278636363636,0.01829947433197976,0.003357431273308009,6.3242045454545455,0.00314779084061656,79.66681818181819,1156.6913636363636,1.2806454545454544,0.7811467791327921,2012-05-25,360564,12.765834137136016,78.17116,-0.7413380067043372,-0.2804746423033221,80.63489,69.743546
2012-06,2012-06-01,2012-06-30,95.15571428571428,82.30333333333333,4.5555146474902815,-0.14804754467968984,-0.13982229123158607,93.88086666666666,0.014895946364057444,0.01829947433197976,6.363257142857143,0.006156112498404642,79.31523809523809,1163.3885714285714,1.254133333333333,0.7973993050430098,2012-06-29,357068,12.795424751156999,77.82243,-0.750344011350744,-0.7413380067043372,70.23216,82.174736
2012-07,2012-07-01,2012-07-31,102.6185714285714,87.8952380952381,4.6310189244324285,0.07550427694214701,0.06573402001759998,93.40616666666668,-0.005069235259773208,0.014895946364057444,6.371742857142857,0.0013326604698216116,78.9347619047619,1142.2780952380951,1.2277619047619048,0.8145784518296969,2012-07-27,347599,12.785681518813966,82.80802,-0.6215904005197901,-0.750344011350744,79.336266,91.0008
2012-08,2012-08-01,2012-08-31,113.35608695652174,94.13130434782607,4.730534076054474,0.09951515162204583,0.06854503323200678,92.5282652173913,-0.009443199564525884,-0.005069235259773208,6.359278260869565,-0.001958146191187282,78.69086956521738,1131.7456521739132,1.2406217391304348,0.8061147701098037,2012-08-31,331065,12.75880479549927,74.87836,-0.8263750614449327,-0.6215904005197901,70.98916,78.11162
2012-09,2012-09-01,2012-09-30,112.8636842105263,94.51368421052632,4.726180756085153,-0.004353319969321312,0.0040539681367892655,90.9802,-0.01687226733436553,-0.009443199564525884,6.32,-0.0061956817584578605,78.13526315789473,1122.9910526315791,1.288457894736842,0.7762380541043727,2012-09-28,338080,12.710070009702584,69.28051,-0.970940378767467,-0.8263750614449327,68.402824,65.87126
2012-10,2012-10-01,2012-10-31,111.7108695652174,89.4913043478261,4.715914011682954,-0.010266744402199102,-0.05460316804104437,90.75663,-0.0024603720971736465,-0.01687226733436553,6.262731818181819,-0.009102725557550206,79.01318181818182,1105.3822727272727,1.2973818181818182,0.7708044060994996,2012-10-26,346303,12.731037832849884,81.663666,-0.6511435145080732,-0.970940378767467,74.20601,88.0309
2012-11,2012-11-01,2012-11-30,109.05857142857144,86.53142857142858,4.69188509046266,-0.024028921220294208,-0.03363377840266324,91.47508,0.00788505713317278,-0.0024603720971736465,6.23375,-0.004638404723020795,81.0305,1086.9525,1.28374,0.7790163286301934,2012-11-30,344769,12.755069393361941,81.38964,-0.6582202771302631,-0.6511435145080732,75.65846,89.048416
2012-12,2012-12-01,2012-12-31,109.494,87.8595,4.695869753234733,0.003984662772073655,0.01523126362645666,90.88039,-0.0065223391239053186,0.00788505713317278,6.232815,-0.00015000122355313117,83.7905,1075.2225,1.311945,0.7622735697219417,2012-12-28,332239,12.750629906537206,74.83156,-0.8275836784765958,-0.6582202771302631,66.240524,82.978615
2013-01,2013-01-01,2013-01-31,112.96,94.75666666666667,4.727033773744932,0.031164020510198398,0.07557325442581142,90.82551428571428,-0.000604005865079138,-0.0065223391239053186,6.221519047619048,-0.0018139798459280154,89.05809523809523,1066.5204761904763,1.3303904761904763,0.7517629231824546,2013-01-25,340940,12.713609868427724,90.65749,-0.41887665839313165,-0.8275836784765958,84.13989,108.94932
2013-02,2013-02-01,2013-02-28,116.05052631578948,95.30894736842104,4.754025667960394,0.02699189421546233,0.005811490509998407,91.55087368421052,0.007954573849618285,-0.000604005865079138,6.232268421052631,0.0017262822462800198,93.00157894736842,1087.3084210526315,1.3346736842105262,0.7493715721443005,2013-02-22,349107,12.739461787704915,81.59033,-0.6530374277267496,-0.41887665839313165,77.605316,85.65817
2013-03,2013-03-01,2013-03-31,108.474,92.9385,4.686510512927932,-0.06751515503246175,-0.025185708513621563,92.41318,0.009374794846650936,0.007954573849618285,6.215438095238095,-0.002704166594627244,94.77,1102.8709523809523,1.2953142857142856,0.772043464491398,2013-03-29,360116,12.763133744453254,75.89672,-0.8000757614371481,-0.6530374277267496,81.891754,69.39681
2013-04,2013-04-01,2013-04-30,102.24818181818182,92.02136363636365,4.627403013035541,-0.0591074998923915,-0.00991722055137867,92.04782272727272,-0.0039613549216470645,0.009374794846650936,6.186109090909091,-0.004729903223808618,97.7581818181818,1120.8977272727273,1.302518181818182,0.7677836136281379,2013-04-26,366408,12.794181480752084,95.10787,-0.3039449262270567,-0.8000757614371481,99.52195,87.472755
2013-05,2013-05-01,2013-05-31,102.55863636363635,94.50954545454546,4.6304346970975825,0.003031684062041684,0.026680075969122363,92.5289681818182,0.005213510777791086,-0.0039613549216470645,6.141631818181819,-0.007215833954160145,100.91863636363637,1111.4945454545452,1.2983136363636365,0.7702806879802822,2013-05-31,362550,12.811502745604887,83.717316,-0.5981076946987854,-0.3039449262270567,75.32922,98.22759
2013-06,2013-06-01,2013-06-30,102.9195,95.7725,4.6339471292594965,0.003512432161913992,0.013274747901286688,93.283615,0.008122711115212233,0.005213510777791086,6.13415,-0.0012189560256186116,97.235,1135.0085,1.319715,0.7578153164918926,2013-06-28,355163,12.800917674799738,82.97301,-0.617329508980173,-0.5981076946987854,78.821884,86.6342
2013-07,2013-07-01,2013-07-31,107.93318181818182,104.67090909090908,4.681512348789837,0.04756521953034021,0.08884564173358989,93.87238636363637,0.006291791891635867,0.008122711115212233,6.13425,1.6302044276716998e-05,99.67272727272729,1125.03,1.3087863636363637,0.7641683155422624,2013-07-26,336130,12.780332118007761,73.975815,-0.849683421676605,-0.617329508980173,71.55719,72.67587
2013-08,2013-08-01,2013-08-31,111.28045454545456,106.57272727272726,4.7120536323071915,0.030541283517354856,0.01800640814500465,93.71488636363635,-0.001679218794747861,0.006291791891635867,6.121263636363636,-0.0021192695601603972,97.81227272727271,1115.9418181818182,1.3313545454545457,0.7511315511255016,2013-08-30,331609,12.725253268878898,90.95675,-0.4111482239295533,-0.849683421676605,80.73958,106.97909
2013-09,2013-09-01,2013-09-30,111.5965,106.2895,4.714889687448244,0.0028360551410528956,-0.0026611338563791165,93.470565,-0.0026104753398534797,-0.001679218794747861,6.119815,-0.0002366844317289729,99.21,1082.3115,1.336415,0.7483529777561658,2013-09-27,334730,12.711711843008858,100.45933,-0.16574266767442505,-0.4111482239295533,100.38423,100.16348
2013-10,2013-10-01,2013-10-31,109.07652173913044,100.53826086956522,4.692049670222283,-0.022840017225961518,-0.05562814320392473,92.49926818181818,-0.010445840957282293,-0.0026104753398534797,6.103213636363637,-0.0027164092204219337,97.77,1065.8572727272729,1.3645909090909092,0.7328662610919987,2013-10-25,354806,12.721079515689388,72.95312,-0.8760946737107198,-0.16574266767442505,65.50166,78.73003
2013-11,2013-11-01,2013-11-30,107.792,93.864,4.6802034442183045,-0.011846226003978444,-0.06869143409778555,93.37366842105264,0.009408649861152085,-0.010445840957282293,6.092931578947368,-0.0016861163376999944,100.07368421052632,1061.5636842105262,1.349084210526316,0.7412578882150738,2013-11-29,356378,12.779326440210312,77.77902,-0.751465081123062,-0.8760946737107198,92.49888,52.43838
2013-12,2013-12-01,2013-12-31,110.75666666666666,97.6252380952381,4.707335602749377,0.027132158531072648,0.03928912091123227,93.53402,0.0017158375842409868,0.009408649861152085,6.0738,-0.0031449029004206874,103.46,1055.634761904762,1.3708,0.7295207870889259,2013-12-27,330695,12.783747244278453,70.37249,-0.9427398311983359,-0.751465081123062,70.09461,66.790726
2014-01,2014-01-01,2014-01-31,108.11772727272728,94.61714285714284,4.683220700772288,-0.02411490197708943,-0.03129737325731785,94.46474761904764,0.009901503449725624,0.0017158375842409868,6.050938095238095,-0.0037711217638300987,103.76142857142855,1067.1266666666666,1.361795238095238,0.7343359708082412,2014-01-31,326930,12.70895177941198,77.91597,-0.7479283267964328,-0.9427398311983359,70.48077,83.1459
2014-02,2014-02-01,2014-02-28,108.90052631578948,100.81736842105263,4.6904348629464225,0.007214162174134842,0.06347197278350958,94.64558235294118,0.0019124792288014447,0.009901503449725624,6.0816,0.0050545021660532985,102.12526315789474,1071.3063157894735,1.366521052631579,0.7318138019745393,2014-02-28,332453,12.697501359685432,69.003525,-0.9780935580092445,-0.7479283267964328,73.278656,59.086555
2014-03,2014-03-01,2014-03-31,107.48095238095236,100.80380952380952,4.677313644714288,-0.013121218232134524,-0.00013449874067550383,94.44082105263158,-0.002165796975994283,0.0019124792288014447,6.172876190476191,0.014897067336389958,102.3395238095238,1070.4909523809524,1.3828190476190476,0.7231786822867984,2014-03-28,348423,12.714253775703256,119.838554,0.334728703838652,-0.9780935580092445,151.67477,74.06189
2014-04,2014-04-01,2014-04-30,107.7552380952381,102.0690476190476,4.679862341215146,0.002548696500857872,0.012473373889041461,93.99555,-0.004725965363218343,-0.002165796975994283,6.224613636363636,0.0083464873877237,102.4581818181818,1042.635,1.381018181818182,0.7241120754615727,2014-04-25,367576,12.761172537854998,93.22154,-0.35265968189664715,0.334728703838652,113.13993,60.9063
2014-05,2014-05-01,2014-05-31,109.53909090909092,102.17714285714284,4.696281480152714,0.01641913893756808,0.001058479944576085,93.67002857142856,-0.0034691684806960055,-0.004725965363218343,6.237957142857143,0.00214137385115154,101.77380952380952,1024.7866666666666,1.3738523809523808,0.7279221642025829,2014-05-30,357951,12.814685378975382,83.428856,-0.6055572175396723,-0.35265968189664715,91.69875,76.15044
2014-06,2014-06-01,2014-06-30,111.79523809523808,105.7942857142857,4.716668966748039,0.0203874865953253,0.03478850605195394,93.82740476190476,0.0016787027388707187,-0.0034691684806960055,6.230604761904762,-0.0011793472031045305,102.06285714285715,1018.7442857142858,1.3594857142857142,0.7355788104039052,2014-06-27,353229,12.788151384506698,98.767105,-0.20944463255489257,-0.6055572175396723,95.32297,107.182014
2014-07,2014-07-01,2014-07-31,106.76818181818182,103.58863636363638,4.670659959087474,-0.04600900766056526,-0.021068871504072995,93.6038590909091,-0.0023853627446941417,0.0016787027388707187,6.198436363636364,-0.005176339795071927,101.74,1021.0340909090908,1.3533363636363636,0.7389465813274121,2014-07-25,335631,12.774871850796657,138.75395,0.8232216475619388,-0.20944463255489257,162.7151,118.54684
2014-08,2014-08-01,2014-08-31,101.60809523809525,96.53619047619048,4.6211232095106025,-0.049536749576871486,-0.07050966731976516,94.58080952380952,0.010382984085423708,-0.0023853627446941417,6.15412857142857,-0.007173891813493372,102.94380952380952,1024.55,1.3315238095238096,0.751051236264475,2014-08-29,328119,12.723767621180444,136.44559,0.763607903732675,0.8232216475619388,158.59349,112.11449
2014-09,2014-09-01,2014-09-30,97.09142857142858,93.21190476190476,4.575653097162244,-0.04547011234835807,-0.03504252184865475,96.12086666666669,0.01615183101198081,0.010382984085423708,6.138228571428571,-0.002586974765327099,107.42571428571428,1035.8914285714286,1.2889095238095238,0.7759234232965007,2014-09-26,325465,12.701131626446553,131.55666,0.6373505519248092,0.763607903732675,143.39539,120.78192
2014-10,2014-10-01,2014-10-31,87.42521739130434,84.39695652173914,4.470783769549772,-0.10486932761247214,-0.09934410624838907,97.43960454545454,0.013626318177029084,0.01615183101198081,6.125050000000001,-0.0021492745883378017,108.02636363636364,1060.3359090909091,1.2677318181818182,0.7888388910524031,2014-10-31,348935,12.69301020796761,83.661,-0.5995620638602197,0.6373505519248092,86.33345,77.19393
2014-11,2014-11-01,2014-11-30,79.4378947368421,75.78947368421052,4.374975518087187,-0.09580825146258487,-0.10757192737915489,99.11468888888888,0.01704490773516465,0.013626318177029084,6.124894444444444,-2.539694057723807e-05,116.29944444444445,1097.8727777777776,1.24725,0.8017751594828081,2014-11-28,347015,12.762640937420208,84.38005,-0.5809924895735261,-0.5995620638602197,88.46994,76.33753
2014-12,2014-12-01,2014-12-31,62.33500000000001,59.29045454545455,4.1325230657969385,-0.24245245229024892,-0.24551108923615583,101.44413333333333,0.023230583194383314,0.01704490773516465,6.188628571428571,0.010351983922987973,119.32333333333334,1102.622380952381,1.2329190476190477,0.811159988598243,2014-12-26,352979,12.757123285660414,86.52622,-0.5255673268631813,-0.5809924895735261,81.273224,96.237366
2015-01,2015-01-01,2015-01-31,47.7595,47.219,3.866178000017821,-0.26634506577911754,-0.2276519702015034,103.76074,0.022579435384129987,0.023230583194383314,6.218135,0.0047565159168347915,118.25,1088.13,1.16149,0.8613462220720249,2015-01-30,379473,12.774163844060842,111.985695,0.13192744027779907,-0.5255673268631813,83.50391,153.33984
2015-02,2015-02-01,2015-02-28,58.0955,50.58421052631579,4.062088208190438,0.1959102081726174,0.06884312869685205,105.16853888888888,0.013476523759231362,0.022579435384129987,6.2518473684210525,0.00540697645880428,118.76,1101.4605263157894,1.1350263157894738,0.8810675785364994,2015-02-27,410246,12.846538727041748,111.9247,0.13035223523834844,0.13192744027779907,118.225204,107.790535
2015-03,2015-03-01,2015-03-31,55.88545454545454,47.82363636363636,4.023304141390514,-0.03878406679992441,-0.056119480787704124,107.36473809523812,0.020667609444635637,0.013476523759231362,6.238604545454546,-0.002120472184658606,120.39454545454544,1112.9004545454543,1.0819454545454543,0.9245600368251362,2015-03-27,437983,12.924512258752458,104.23527,-0.06822844984242671,0.13035223523834844,117.48873,83.63285
2015-04,2015-04-01,2015-04-30,59.52428571428571,54.45285714285714,4.086384392540924,0.06308025115041005,0.12981531890697262,106.35228181818182,-0.00947480787107402,0.020667609444635637,6.200995454545454,-0.006046690488297646,119.50954545454546,1084.6709090909092,1.0822045454545457,0.92424255801026,2015-04-24,458181,12.98993537581996,102.19049,-0.12103520056900435,-0.06822844984242671,110.18873,95.08646
2015-05,2015-05-01,2015-05-31,64.075,59.265,4.160054272250135,0.07366987970921102,0.08468359174939666,105.40651499999998,-0.008932550817081442,-0.00947480787107402,6.20345,0.00039575255428792033,120.798,1092.6365,1.116735,0.8956577585344071,2015-05-29,444464,13.0350195815333,76.26233,-0.7906338282545348,-0.12103520056900435,77.66873,72.861885
2015-06,2015-06-01,2015-06-30,61.47772727272727,59.819545454545455,4.1186749510503295,-0.041379321199805474,0.00931354208823354,106.17898636363635,0.007301774372433734,-0.008932550817081442,6.2052,0.0002820613058798216,123.71863636363636,1112.8831818181818,1.122559090909091,0.8908946077703565,2015-06-26,433223,13.004624340779973,85.90597,-0.5415853763052532,-0.7906338282545348,81.066086,88.78943
2015-07,2015-07-01,2015-07-31,56.56130434782609,50.90090909090909,4.035325082634752,-0.08334986841557779,-0.1614516708905116,108.1235681818182,0.01814850220166786,0.007301774372433734,6.20845,0.0005236171592166716,123.31090909090908,1146.546818181818,1.099740909090909,0.9093576628042874,2015-07-31,423226,12.97900788595904,106.80866,-0.0017702664426146961,-0.5415853763052532,120.84297,86.168816
2015-08,2015-08-01,2015-08-31,46.515,42.86761904761905,3.839774841220522,-0.19555024141422983,-0.17176404355552854,109.9767476190476,0.016994235250729517,0.01814850220166786,6.3382523809523805,0.020691813391465974,123.00380952380952,1178.1438095238095,1.1136142857142857,0.8982061633370281,2015-08-28,423657,12.955661594312039,82.47853,-0.6300995292754018,-0.0017702664426146961,85.33859,74.0283
2015-09,2015-09-01,2015-09-30,47.62318181818182,45.47952380952381,3.863319655672052,0.023544814451530005,0.059145458326771205,110.85125714285716,0.007920318768915635,0.016994235250729517,6.3676047619047615,0.004620299573368625,120.14761904761905,1184.33,1.1228523809523812,0.8906247778641502,2015-09-25,425988,12.956679444563397,98.767456,-0.20943556792715523,-0.6300995292754018,115.885185,79.34535
2015-10,2015-10-01,2015-10-31,48.43,46.22363636363636,3.880119456415138,0.016799800743085846,0.01622907836221099,109.90357142857142,-0.008585918978108786,0.007920318768915635,6.3505,-0.0026898303698532633,120.04809523809524,1143.1990476190476,1.1227952380952382,0.8907807523557006,2015-10-30,450841,12.962166455840668,91.931885,-0.385965216041291,-0.20943556792715523,79.72632,108.51442
2015-11,2015-11-01,2015-11-30,44.26761904761905,42.4435,3.790253462772736,-0.08986599364240178,-0.08531749714874781,111.6916105263158,0.016138238102623603,-0.008585918978108786,6.364036842105262,0.002129349639422351,122.64315789473685,1153.472105263158,1.072657894736842,0.9323821568986788,2015-11-27,457212,13.018870006435359,150.71588,1.1321402870824593,-0.385965216041291,113.04398,213.99352
2015-12,2015-12-01,2015-12-31,38.00545454545455,37.18863636363636,3.637729690095266,-0.15252377267746997,-0.1321705391973027,112.7857409090909,0.009748324633648942,0.016138238102623603,6.449095454545454,0.013276981766172868,121.635,1169.9463636363637,1.0888681818181818,0.9184760684999514,2015-12-25,455106,13.032902457277514,148.23688,1.0681197396146704,1.1321402870824593,115.224365,204.63127
2016-01,2016-01-01,2016-01-31,30.6995,31.683157894736844,3.4242463678155715,-0.21348332227969458,-0.16021799751745247,115.2343875,0.021478285629826566,0.009748324633648942,6.5726,0.01896961104893391,118.2257894736842,1203.3178947368422,1.0855052631578948,0.9212529973069988,2016-01-29,471344,13.028285637833449,118.21114,0.29270049277098575,1.0681197396146704,124.23914,109.5291
2016-02,2016-02-01,2016-02-29,32.1815,30.323,3.4713917532808773,0.04714538546530589,-0.04387874252862911,114.281735,-0.008301447066492607,0.021478285629826566,6.550050000000001,-0.0034368092109549053,114.6155,1216.2285,1.10923,0.9016551466692342,2016-02-26,486699,13.063343467348984,103.74965,-0.08076965930644751,0.29270049277098575,91.32202,117.582016
2016-03,2016-03-01,2016-03-31,38.21045454545455,37.54636363636364,3.6431091573695897,0.1717174040887124,0.2136700324740839,111.89339130434782,-0.021120204624974548,-0.008301447066492607,6.5026913043478265,-0.007256545175209794,112.93173913043478,1181.5730434782608,1.1133521739130434,0.898335551208688,2016-03-25,503816,13.095401141165643,109.72029,0.07342301577748973,-0.08076965930644751,98.02693,127.76814
2016-04,2016-04-01,2016-04-30,41.583333333333336,40.7552380952381,3.7276994459635184,0.0845902885939287,0.0820078406958702,110.0170761904762,-0.01691096279198412,-0.021120204624974548,6.475433333333334,-0.004200608617391355,109.55190476190477,1145.7966666666666,1.1345666666666667,0.8814159462672355,2016-04-29,512095,13.12996640103073,85.22145,-0.5592632081538415,0.07342301577748973,80.82244,93.122986
2016-05,2016-05-01,2016-05-31,46.74238095238096,46.71238095238096,3.8446512681723237,0.11695182220880529,0.13642487265049397,111.14051428571427,0.010159703369913231,-0.01691096279198412,6.525880952380952,0.0077604265414159546,108.84809523809524,1173.790476190476,1.1312047619047618,0.8841230817472375,2016-05-27,504205,13.146265433684952,88.33242,-0.4789219404830599,-0.5592632081538415,84.461365,93.639656
2016-06,2016-06-01,2016-06-30,48.24727272727273,48.75727272727273,3.8763393024003716,0.03168803422804789,0.042845124175237004,111.55962727272728,0.00376392649670354,0.010159703369913231,6.589222727272727,0.009659438300383183,105.35090909090908,1165.2022727272729,1.1231772727272729,0.890417858790067,2016-06-24,495941,13.13073821038651,90.16813,-0.43151445391908433,-0.4789219404830599,80.51286,100.857376
2016-07,2016-07-01,2016-07-31,44.95190476190477,44.6515,3.8055931351456302,-0.07074616725474137,-0.08796646908311079,112.47729,0.00819211289390509,0.00376392649670354,6.677105,0.013249116122356908,104.191,1140.865,1.105495,0.9045940489638908,2016-07-29,491914,13.114212247018857,114.61045,0.19971213252016143,-0.43151445391908433,97.098045,145.14874
2016-08,2016-08-01,2016-08-31,45.84304347826088,44.72434782608696,3.8252234637073514,0.0196303285617212,0.0016301460403647106,111.4383695652174,-0.009279635841916267,0.00819211289390509,6.646573913043477,-0.00458298951735725,101.23826086956522,1110.0182608695652,1.1206521739130435,0.8923775572468391,2016-08-26,495238,13.106059183447746,98.73849,-0.21018361922927373,0.19971213252016143,82.44047,121.4537
2016-09,2016-09-01,2016-09-30,46.56772727272728,45.18238095238095,3.840907753414046,0.015684289706694443,0.01018916148374105,112.31686190476192,0.007852302247023601,-0.009279635841916267,6.670180952380953,0.0035454679920274845,101.7842857142857,1108.3638095238096,1.1217809523809523,0.8914480308871789,2016-09-30,469108,13.112793734080467,104.54523,-0.06022368627118179,-0.21018361922927373,95.48959,121.1505
2016-10,2016-10-01,2016-10-31,49.52238095238096,49.775238095238095,3.902424707842091,0.06151695442804517,0.09681042446183019,113.474695,0.010255859517119603,0.007852302247023601,6.73031,0.008974216150892111,103.9075,1128.166,1.10144,0.907994839435272,2016-10-28,482578,13.058588298104196,85.74779,-0.5456703985716731,-0.06022368627118179,79.64809,100.30768
2016-11,2016-11-01,2016-11-30,44.73409090909091,45.66095238095238,3.8007358711006805,-0.1016888367414106,-0.08627413438256504,116.107515,0.022936754768988266,0.010255859517119603,6.84016,0.016189918170811834,108.443,1162.708,1.07918,0.926975105457366,2016-11-25,488145,13.086897844727014,82.918755,-0.6187306525069438,-0.5456703985716731,81.22565,83.97506
2016-12,2016-12-01,2016-12-31,53.3085,51.9704761904762,3.976095793128735,0.17535992202805462,0.12943229278730595,117.90482857142858,0.01536114621780893,0.022936754768988266,6.919752380952381,0.011568862716240469,115.99809523809525,1183.0700000000002,1.0544619047619048,0.9484719680860952,2016-12-30,479012,13.098367771848109,102.180466,-0.12129407187510245,-0.6187306525069438,93.93662,113.97946
2017-01,2017-01-01,2017-01-31,54.57666666666666,52.504,3.999606440983291,0.023510647854556144,0.010213565397663604,117.7857789473684,-0.0010102195877736975,0.01536114621780893,6.890663157894736,-0.004212656164481521,114.8721052631579,1179.1073684210526,1.0634947368421053,0.9403752458346608,2017-01-27,494762,13.079480928271318,105.20123,-0.04328238770770091,-0.12129407187510245,108.277,103.17117
2017-02,2017-02-01,2017-02-28,54.8695,53.46842105263158,4.004957638581762,0.005351197598470581,0.018201861759636895,116.1203894736842,-0.01424004870839557,-0.0010102195877736975,6.869426315789474,-0.0030867326855370525,112.91157894736844,1140.487368421053,1.0650210526315789,0.9389953286553216,2017-02-24,520184,13.11183211784475,114.20636,0.18927644755595865,-0.04328238770770091,125.66468,97.1516
2017-03,2017-03-01,2017-03-31,51.58913043478261,49.32782608695652,3.9433109998088773,-0.061646638772884454,-0.08060287343902495,115.65584782608695,-0.004008540953514661,-0.01424004870839557,6.894,0.003570871054711322,112.91652173913045,1133.861739130435,1.069104347826087,0.935452588625608,2017-03-31,535543,13.16193787412267,96.63588,-0.264483838394763,0.18927644755595865,95.838425,95.674545
2017-04,2017-04-01,2017-04-30,52.30789473684211,51.060526315789474,3.957147310670168,0.013836310861290446,0.034523374058807565,114.769795,-0.007690612749406078,-0.004008540953514661,6.887555000000001,-0.0009353081665806062,110.091,1134.1754999999998,1.07138,0.9334660060616764,2017-04-28,527772,13.191036464432347,119.45992,0.3249504238991929,-0.264483838394763,127.44655,108.06884
2017-05,2017-05-01,2017-05-31,50.32652173913044,48.47636363636364,3.9185322093027763,-0.038615101367391436,-0.05193538810373566,114.2591318181818,-0.004459384543001654,-0.007690612749406078,6.884304545454546,-0.00047204295034863897,112.24363636363636,1125.135909090909,1.1049863636363637,0.9051219115297928,2017-05-26,509912,13.176419651246261,102.57996,-0.11097707930144485,0.3249504238991929,102.35461,99.7048
2017-06,2017-06-01,2017-06-30,46.36818181818182,45.17772727272728,3.8366134873301574,-0.08191872197261896,-0.07047212550769277,112.76027272727272,-0.013204870071286123,-0.004459384543001654,6.806563636363635,-0.01135672969916901,110.91409090909092,1130.8463636363635,1.1233,0.8902790993288664,2017-06-30,502914,13.141993440792605,126.78902,0.5142255325906704,-0.11097707930144485,113.168465,146.67166
2017-07,2017-07-01,2017-07-31,48.47857142857143,46.630526315789474,3.881121874094454,0.04450838676429658,0.031651191881014284,111.060555,-0.015188491795904646,-0.013204870071286123,6.769425,-0.005471237491728953,112.417,1131.746,1.153015,0.8674183608827537,2017-07-28,481888,13.12817446030906,102.81346,-0.10494690671825438,0.5142255325906704,125.599205,71.955055
2017-08,2017-08-01,2017-08-31,51.70434782608696,48.03695652173913,3.945541875194793,0.06442000110033907,0.029715244381537165,109.90586086956522,-0.01045140399867961,-0.015188491795904646,6.666995652173913,-0.015246818292442121,109.82695652173912,1130.27,1.181291304347826,0.8465712526808322,2017-08-25,457773,13.085467000886545,138.53162,0.8174799419070322,-0.10494690671825438,160.0231,108.43595
2017-09,2017-09-01,2017-09-30,56.15285714285714,49.822,4.028077564001336,0.08253568880654294,0.03648601134657348,108.854245,-0.009614403558964923,-0.01045140399867961,6.568989999999999,-0.014809239886947267,110.776,1131.599,1.191335,0.8394351089386127,2017-09-29,464963,13.034128707041821,115.53445,0.2235745713504307,0.8174799419070322,142.1449,84.09627
2017-10,2017-10-01,2017-10-31,57.50772727272727,51.57772727272727,4.051919326125912,0.023841762124575894,0.03463328375334562,110.8891761904762,0.018521504325878624,-0.009614403558964923,6.6254,0.00855065580068004,112.9147619047619,1130.8838095238095,1.175547619047619,0.8506977828161258,2017-10-27,454906,13.049713111511169,91.46157,-0.3981111715807477,0.2235745713504307,109.230606,69.157
2017-11,2017-11-01,2017-11-30,62.71409090909091,56.63857142857143,4.138586157781859,0.08666683165594691,0.0936002898123145,111.163525,0.0024710255506921186,0.018521504325878624,6.620015,-0.0008131116007599193,112.819,1099.7945,1.174295,0.8516533124652421,2017-11-24,453713,13.027846083183137,92.596016,-0.3688139331811333,-0.3981111715807477,103.94398,80.115875
2017-12,2017-12-01,2017-12-31,64.3736842105263,57.8815,4.164704919326876,0.026118761545017577,0.021707590000909605,110.87581,-0.002591569291360507,0.0024710255506921186,6.593195,-0.004059579289696025,112.9405,1082.902,1.183615,0.8448991810440338,2017-12-29,424463,13.025220118536687,82.718254,-0.6239086209570606,-0.3688139331811333,95.90845,62.65748
2018-01,2018-01-01,2018-01-31,69.07727272727273,63.69857142857144,4.235225772581243,0.07052085325436686,0.09576431865849244,108.35677619047618,-0.02298148027142588,-0.002591569291360507,6.423295238095237,-0.026106793535498607,110.87095238095236,1065.6409523809525,1.219652380952381,0.8200650584931992,2018-01-26,418359,12.958580119568452,92.42679,-0.3731842200572062,-0.6239086209570606,107.64432,75.66629
2018-02,2018-02-01,2018-02-28,65.3175,62.22947368421052,4.179259994252868,-0.05596577832837557,-0.02333339481765684,107.6500947368421,-0.006543162000906655,-0.02298148027142588,6.318315789473684,-0.01647857934524999,107.96999999999998,1078.4747368421054,1.2339684210526316,0.8104318591985668,2018-02-23,423498,12.94409519457947,64.49137,-1.094620638831964,-0.3731842200572062,74.68311,52.0022
2018-03,2018-03-01,2018-03-31,66.01666666666667,62.72476190476191,4.189907235399816,0.01064724114694826,0.00792755543062107,107.947175,0.0027558832404963596,-0.006543162000906655,6.317368181818182,-0.00014998913544084225,106.04681818181815,1069.9418181818182,1.2333954545454546,0.8107849936887684,2018-03-30,425332,12.956304070512918,111.962296,0.13132315758711752,-1.094620638831964,146.92708,64.55759
2018-04,2018-04-01,2018-04-30,72.10600000000001,66.25380952380952,4.278137258581619,0.0882300231818034,0.054736669072758204,107.94335714285714,-3.536845368223851e-05,0.0027558832404963596,6.2966523809523816,-0.0032845704328623437,107.65619047619047,1068.045238095238,1.2269523809523808,0.8150698919634254,2018-04-27,435955,12.96062531941761,123.26347,0.42317767412957175,0.13132315758711752,146.39566,94.305855
2018-05,2018-05-01,2018-05-31,76.9752380952381,69.97818181818182,4.343483786955999,0.06534652837437971,0.054690539693450724,111.04704090909092,0.028347284869891354,-3.536845368223851e-05,6.3700636363636365,0.011591335475532816,109.68818181818182,1076.6595454545454,1.1822636363636363,0.845926413752834,2018-05-25,434512,12.985294305995374,125.66662,0.4852393839509583,0.42317767412957175,172.2167,63.217903
2018-06,2018-06-01,2018-06-30,74.4047619047619,67.87333333333333,4.309519943887134,-0.03396384306886535,-0.030540282141832797,112.84441904761906,0.016056143922122956,0.028347284869891354,6.465123809523809,0.014812703234693858,110.06380952380952,1094.355238095238,1.1679142857142857,0.8562666554279937,2018-06-29,417881,12.981978841257884,103.96859,-0.0751155009108856,0.4852393839509583,137.02446,56.640434
2018-07,2018-07-01,2018-07-31,74.2540909090909,70.98142857142857,4.30749287258379,-0.002027071303343675,0.04477505039862972,113.05953333333332,0.0019044762029691853,0.016056143922122956,6.716447619047619,0.03813722386518403,111.52095238095238,1122.2028571428573,1.1684619047619047,0.8558351527611849,2018-07-27,408740,12.942951981980073,110.02843,0.08138077757528085,-0.0751155009108856,129.10234,84.40847
2018-08,2018-08-01,2018-08-31,72.52826086956522,68.05565217391305,4.283976291003811,-0.023516581579978713,-0.04209248862960102,113.8316304347826,0.006805907016764756,0.0019044762029691853,6.845265217391304,0.018997817494963876,110.99652173913044,1120.4269565217392,1.1546608695652174,0.8661410878081053,2018-08-31,401490,12.920834536062527,112.741684,0.1514509697895483,0.08138077757528085,145.11407,68.57559
2018-09,2018-09-01,2018-09-30,78.89099999999999,70.2321052631579,4.368067152904464,0.08409086190065285,0.03147976163478905,114.07866315789474,0.0021678074821451787,0.006805907016764756,6.855084210526316,0.0014333933404928612,112.09736842105262,1119.8200000000002,1.1666947368421052,0.8571485652825512,2018-09-28,403964,12.90293790545853,75.05391,-0.821841456318684,0.1514509697895483,88.62364,51.163918
2018-10,2018-10-01,2018-10-31,81.03217391304348,70.74869565217391,4.394846284608912,0.02677913170444768,0.007328553926967629,114.83125909090909,0.006575500417785207,0.0021678074821451787,6.9191045454545455,0.00929576283118183,112.7218181818182,1131.615,1.148759090909091,0.8705452970370409,2018-10-26,426004,12.909081044061962,92.01648,-0.383780537455959,-0.821841456318684,115.21215,61.150475
2018-11,2018-11-01,2018-11-30,64.74818181818182,56.9635,4.170505620157316,-0.22434066445159573,-0.21672338849655848,116.169045,0.011582676227108735,0.006575500417785207,6.936674999999999,0.0025361927715399357,113.338,1125.345,1.13639,0.8799981910895207,2018-11-30,443162,12.962204014878786,80.407585,-0.6835819950582501,-0.383780537455959,105.166855,47.40217
2018-12,2018-12-01,2018-12-31,57.36235294117647,49.522777777777776,4.049388216042381,-0.12111740411493521,-0.13997799098352193,116.2118052631579,0.00036801882420256504,0.011582676227108735,6.883711111111111,-0.007664640879164297,112.19944444444444,1122.4244444444444,1.1380388888888888,0.8787167841208811,2018-12-28,441418,13.001690670667118,90.607666,-0.4201633706791483,-0.6835819950582501,106.0627,66.24093
2019-01,2019-01-01,2019-01-31,59.40954545454545,51.37571428571429,4.0844549113460475,0.035066695303666684,0.0367328552296704,114.44249,-0.015342007533035051,0.00036801882420256504,6.786345,-0.014245407168689939,108.9605,1120.33,1.14179,0.8758353499561788,2019-01-25,445944,12.997747551311788,87.4241,-0.5023794409574215,-0.4201633706791483,112.98045,55.73351
2019-02,2019-02-01,2019-02-28,63.9605,54.95473684210527,4.158265705321064,0.07381079397501633,0.0673443038111361,114.41300555555556,-0.00025766866149279366,-0.015342007533035051,6.736683333333334,-0.007344788267243718,110.44,1121.8333333333333,1.1349444444444443,0.8811200050671827,2019-02-22,445865,13.0079486625807,96.80016,-0.26024128271182284,-0.5023794409574215,127.85742,57.5117
2019-03,2019-03-01,2019-03-31,66.13857142857144,58.151428571428575,4.191752108115232,0.0334864027941677,0.05654056576696842,114.78351904761904,0.003233153866201377,-0.00025766866149279366,6.711942857142858,-0.003679261174978965,111.14428571428572,1131.6004761904762,1.1296142857142857,0.8852735087529171,2019-03-29,449521,13.0077714945992,82.32829,-0.6339794998488432,-0.26024128271182284,90.7896,66.641205
2019-04,2019-04-01,2019-04-30,71.23333333333333,63.86238095238095,4.265960873656992,0.07420876554176026,0.09368002486175708,114.90375454545456,0.0010469496802079092,0.003233153866201377,6.716068181818182,0.0006144357184607596,111.64136363636364,1142.165,1.1234,0.8901706969307676,2019-04-26,470567,13.015937850378728,79.25345,-0.7133877048411208,-0.6339794998488432,95.4554,57.51553
2019-05,2019-05-01,2019-05-31,71.31772727272727,60.82681818181818,4.267144925868109,0.0011840522111175034,-0.04869969029325283,115.95738181818182,0.00912786452336789,0.0010469496802079092,6.851859090909091,0.020017124273891795,109.97136363636363,1182.952727272727,1.1186909090909092,0.8939087072146287,2019-05-31,483264,13.06169362956973,106.4719,-0.010467144040538268,-0.7133877048411208,134.97252,64.66344
2019-06,2019-06-01,2019-06-30,64.2205,54.657500000000006,4.16232247436759,-0.10482245150051916,-0.10694433806901849,115.42707,-0.00458382352457587,0.00912786452336789,6.897675,0.0066643827143757495,108.0685,1173.7845,1.129515,0.8853644326447178,2019-06-28,468491,13.088318367163097,106.588455,-0.0074570936532419455,-0.010467144040538268,142.65349,53.42064
2019-07,2019-07-01,2019-07-31,63.9191304347826,57.35809523809524,4.157618697404011,-0.004703776963578932,0.04822754642491134,115.0775909090909,-0.003032297544996787,-0.00458382352457587,6.877472727272727,-0.002933149990288708,108.28636363636365,1177.2345454545457,1.1211454545454544,0.8919661444487215,2019-07-26,436545,13.05727217023063,93.521255,-0.34491949698970564,-0.0074570936532419455,126.93078,47.418858
2019-08,2019-08-01,2019-08-31,59.041818181818186,54.80590909090909,4.078245975580541,-0.07937272182347055,-0.045515970327019595,117.10038636363636,0.017424965621056998,-0.003032297544996787,7.062859090909091,0.02659869160191941,106.18863636363636,1210.3781818181817,1.1128681818181818,0.8986073329498776,2019-08-30,422980,12.986646741731603,103.40442,-0.08968527592698194,-0.34491949698970564,124.72542,70.09744
2019-09,2019-09-01,2019-09-30,62.82666666666668,56.947,4.140379611795113,0.06213363621457191,0.03832299245133708,117.32392,0.0019070864073773564,0.017424965621056998,7.113725,0.007176076697663181,107.54,1194.1145,1.10112,0.9081838679845864,2019-09-27,422642,12.95508017558674,90.36799,-0.4263530393902774,-0.08968527592698194,110.87095,67.810234
2019-10,2019-10-01,2019-10-31,59.71304347826087,53.96304347826087,4.089550480257427,-0.05082913153768587,-0.05382157848098457,116.74625909090908,-0.004935802451118576,0.0019070864073773564,7.096081818181818,-0.0024832414838993344,108.1368181818182,1183.4472727272728,1.1058181818181818,0.9043475041239468,2019-10-25,438853,12.954280763986759,97.83673,-0.23347170671800033,-0.4263530393902774,121.31104,69.96658
2019-11,2019-11-01,2019-11-30,63.21190476190476,57.048947368421054,4.1464926498999075,0.05694216964248078,0.05561019286514801,116.55946842105264,-0.0016012526718442999,-0.004935802451118576,7.019894736842106,-0.010794551950803921,108.85789473684213,1167.298947368421,1.105057894736842,0.9049447848219756,2019-11-29,447096,12.991919784045662,73.078384,-0.8728597120899029,-0.23347170671800033,84.5873,53.03253
2019-12,2019-12-01,2019-12-31,67.21714285714286,59.81666666666667,4.207928317036927,0.061435667137019756,0.047374703823208186,115.90961,-0.005590938100416665,-0.0016012526718442999,7.013676190476192,-0.0008862386922237064,109.10095238095238,1174.7052380952382,1.1113666666666666,0.899807884566433,2019-12-27,429896,13.010528615637654,74.27989,-0.8418306391145769,-0.8728597120899029,80.11077,63.331352
2020-01,2020-01-01,2020-01-31,63.64545454545455,57.519047619047626,4.153327909184782,-0.054600407852145594,-0.03916817303769626,115.27938571428572,-0.005452040179255491,-0.005590938100416665,6.918352380952381,-0.013684338438924915,109.26666666666668,1167.462380952381,1.1097666666666666,0.9011128608433188,2020-01-31,435009,12.97129859795167,138.42094,0.8146216142774497,-0.8418306391145769,190.84436,81.65094
2020-02,2020-02-01,2020-02-29,55.657,50.54263157894737,4.01920785597466,-0.13412005321012188,-0.12929898605206747,116.71054210526316,0.012338247268526281,-0.005452040179255491,6.996705263157895,0.01126171551822841,110.02947368421052,1195.3357894736844,1.0910736842105262,0.9165776159428244,2020-02-28,444119,12.983121999511965,75.95556,-0.7985562095964845,0.8146216142774497,87.16245,56.68605
2020-03,2020-03-01,2020-03-31,32.01136363636363,29.20772727272728,3.466090953398166,-0.5531169025764937,-0.5483838629428974,121.02274090909091,0.03628159903064354,0.012338247268526281,7.02045,0.0033879569868005,107.66727272727272,1218.1945454545455,1.104590909090909,0.905625612491178,2020-03-27,469193,13.003847823521967,81.54003,-0.6543364327842845,-0.7985562095964845,97.09007,62.90299
2020-04,2020-04-01,2020-04-30,18.3785,16.547619047619047,2.91118150315109,-0.5549094502470759,-0.5681910796114211,123.28034545454544,0.018482523867080047,0.03628159903064354,7.070827272727272,0.0071501662169755065,107.73863636363636,1223.1309090909092,1.0871090909090908,0.9198904397997292,2020-04-24,527631,13.058769476639085,69.3394,-0.9694195356692913,-0.6543364327842845,81.760826,47.591232
2020-05,2020-05-01,2020-05-31,29.378947368421056,28.5625,3.3802783419357816,0.46909683878469144,0.5458524413729995,122.61501,-0.005411546525564859,0.018482523867080047,7.10159,0.0043412178732864515,107.2,1228.134,1.09073,0.9168749588399728,2020-05-29,532345,13.176152454733007,68.50722,-0.9909107092036779,-0.9694195356692913,83.35546,42.29556
2020-06,2020-06-01,2020-06-30,40.26681818181818,38.307272727272725,3.6955277596190235,0.3152494176832419,0.29354509794618977,119.67660454545454,-0.024256303964071968,-0.005411546525564859,7.08155909090909,-0.0028246085943852695,107.5781818181818,1206.9459090909093,1.1259,0.8882045215890016,2020-06-26,533527,13.18504705438156,71.22786,-0.9206497724296698,-0.9909107092036779,85.86661,49.760887
2020-07,2020-07-01,2020-07-31,43.24217391304348,40.71045454545455,3.76681626701703,0.07128850739800674,0.06084516130157391,118.69005,-0.008277669379051389,-0.024256303964071968,7.004113636363636,-0.01099645525613413,106.6818181818182,1198.6186363636364,1.1488272727272728,0.8706826557109006,2020-07-31,518596,13.187264957627974,66.47328,-1.043437515301554,-0.9206497724296698,88.737976,36.252083
2020-08,2020-08-01,2020-08-31,44.736,42.33904761904762,3.800778546611345,0.03396227959431464,0.039224843906001006,116.94534761904762,-0.014808762035066536,-0.008277669379051389,6.927009523809524,-0.011069444865284828,106.01285714285714,1186.8561904761905,1.1831142857142856,0.845247046953879,2020-08-28,498401,13.158880438983296,65.46605,-1.069449381387065,-1.043437515301554,90.00912,28.454628
2020-09,2020-09-01,2020-09-30,40.90954545454545,39.63428571428571,3.711363421015378,-0.08941512559596676,-0.06601522727132458,116.34313333333334,-0.0051628406247905545,-0.014808762035066536,6.810595238095239,-0.016948671105029067,105.58904761904762,1176.8619047619047,1.1785095238095238,0.8485739488786563,2020-09-25,492426,13.119160252873913,80.37738,-0.6843620437215273,-1.069449381387065,101.257645,49.51808
2020-10,2020-10-01,2020-10-31,40.18954545454546,39.39590909090909,3.6936068984828814,-0.01775652253249671,-0.006032563803674229,115.77981428571428,-0.0048536360517204,-0.0051628406247905545,6.72542380952381,-0.012584579311003097,105.20952380952382,1143.7680952380954,1.1767809523809525,0.8497969094917226,2020-10-30,484429,13.10709947449794,76.08317,-0.7952606621731833,-0.6843620437215273,97.65258,42.681442
2020-11,2020-11-01,2020-11-30,42.69238095238095,40.93736842105263,3.7540204722851414,0.06041357380225998,0.03838131851489024,114.0984,-0.014629000639548195,-0.0048536360517204,6.60285,-0.01839356949820825,104.4061111111111,1116.097777777778,1.1826277777777778,0.8456048788913297,2020-11-27,488042,13.090726156746852,70.06747,-0.9506170185273497,-0.7952606621731833,79.036446,62.313946
2020-12,2020-12-01,2020-12-31,49.99363636363637,47.025,3.9118957246010124,0.15787525231587107,0.1386360759390146,111.89921428571428,-0.019462640264839237,-0.014629000639548195,6.539295238095238,-0.009671976104304258,103.79523809523808,1093.787619047619,1.2168,0.8218499878568412,2020-12-25,493469,13.098156746705627,64.06729,-1.1055725685496485,-0.9506170185273497,86.81528,31.744429
2021-01,2021-01-01,2021-01-31,54.774,52.008421052631576,4.003215628810999,0.09131990420998637,0.10072627360276742,111.48727222222222,-0.0036881598066731414,-0.019462640264839237,6.467177777777778,-0.011089585824716197,103.78833333333334,1098.236666666667,1.2177666666666669,0.8211967486289606,2021-01-29,475659,13.10921531926662,77.4187,-0.760770399260857,-1.1055725685496485,98.475624,48.287487
2021-02,2021-02-01,2021-02-28,62.2765,59.04631578947369,4.131584147570328,0.12836851875932886,0.12691650053492287,112.01705263157896,0.004740681433310634,-0.0036881598066731414,6.460057894736842,-0.001101532290619156,105.37736842105264,1111.8136842105262,1.2093947368421052,0.8268796264923316,2021-02-26,484605,13.072456489931469,73.9568,-0.8501744869085937,-0.760770399260857,94.48356,46.32678
2021-03,2021-03-01,2021-03-31,65.41,62.33304347826088,4.180675151973121,0.04909100440279346,0.05416952876950454,113.33664347826088,0.011711420332222389,0.004740681433310634,6.510860869565217,0.00783340571833313,108.6991304347826,1130.2543478260868,1.1901608695652173,0.8402797349047217,2021-03-26,501835,13.0910894050992,78.61877,-0.7297784112012888,-0.8501744869085937,100.85202,49.41804
2021-04,2021-04-01,2021-04-30,64.8065,61.71666666666666,4.171405906969629,-0.00926924500349191,-0.009937659402777577,112.63228636363635,-0.006234126048328292,0.011711420332222389,6.518640909090909,0.0011942191777536415,109.04454545454546,1117.8554545454544,1.1965409090909092,0.8358039790352257,2021-04-30,485117,13.126026659386063,88.16622,-0.48321408045447856,-0.7297784112012888,109.58696,67.873795
2021-05,2021-05-01,2021-05-31,68.53421052631579,65.1695,4.2273330443394865,0.05592713736985733,0.05443754938151635,111.21227,-0.012687692172472786,-0.006234126048328292,6.432049999999999,-0.013372599205713875,109.112,1123.6565,1.21463,0.8233246872382182,2021-05-28,479270,13.092145377940028,93.00713,-0.35819685236158005,-0.48321408045447856,120.78284,52.626114
2021-06,2021-06-01,2021-06-30,73.1640909090909,71.37818181818182,4.292704739251463,0.0653716949119767,0.09100067779824883,111.57769545454543,0.0032804509979253993,-0.012687692172472786,6.425031818181818,-0.001091722463072875,110.10727272727271,1122.6072727272729,1.2048272727272726,0.8300922956291275,2021-06-25,452342,13.080019391909858,74.12712,-0.8457759473181483,-0.35819685236158005,92.54655,46.34864
2021-07,2021-07-01,2021-07-31,75.1659090909091,72.4852380952381,4.319697791610651,0.02699305235918814,0.015390682778043008,113.06331904761906,0.013226838877717917,0.0032804509979253993,6.476257142857143,0.007941159062073488,110.21428571428572,1146.394761904762,1.182138095238095,0.8459310461036098,2021-07-30,439225,13.022193809876917,58.42077,-1.2513947959348122,-0.8457759473181483,64.036316,50.71583
2021-08,2021-08-01,2021-08-31,70.74714285714286,67.73045454545455,4.259112152063282,-0.060585639547369396,-0.06784700430587787,113.40253636363636,0.00299575023434695,0.013226838877717917,6.476790909090909,8.241554141186214e-05,109.85272727272728,1160.9945454545457,1.1766954545454544,0.8498537733990573,2021-08-27,425395,12.992767089233254,89.48655,-0.4491163598259405,-1.2513947959348122,103.20159,76.48286
2021-09,2021-09-01,2021-09-30,74.48863636363636,71.64619047619047,4.310646581719594,0.05153442965631161,0.0562040600062943,113.4437476190476,0.00036334080630417986,0.00299575023434695,6.456300000000001,-0.003168759329191806,110.16095238095238,1172.8190476190478,1.1764904761904762,0.8500244629934416,2021-09-24,418542,12.96077342803557,80.69697,-0.6761085839533829,-0.4491163598259405,92.04732,67.94028
2021-10,2021-10-01,2021-10-31,83.53809523809524,81.47666666666666,4.425302758211716,0.11465617649212234,0.12857669633731472,114.063485,0.005448080983767589,0.00036334080630417986,6.41721,-0.006072954483906212,113.1215,1181.89,1.159985,0.8620884181531616,2021-10-29,434102,12.944532522299037,79.029236,-0.7191780650790971,-0.6761085839533829,93.80803,61.149113
2021-11,2021-11-01,2021-11-30,81.05,79.14750000000001,4.395066248181685,-0.030236510030031027,-0.029003480455832786,114.989795,0.008088205939302817,0.005448080983767589,6.38893,-0.004416638576614895,113.965,1184.06,1.14159,0.8760958708974356,2021-11-26,433111,12.981034808510428,86.569145,-0.5244587822887338,-0.7191780650790971,121.50095,39.74269
2021-12,2021-12-01,2021-12-31,74.1704761904762,71.71181818181819,4.306366175985053,-0.08870007219663201,-0.09865763801001748,115.8045380952381,0.007060368153807062,0.008088205939302817,6.369285714285714,-0.003079474697461615,113.83285714285714,1183.8871428571429,1.1300809523809523,0.8848965662212109,2021-12-31,417851,12.978749325171574,105.34542,-0.03955865929326723,-0.5244587822887338,155.31026,47.654934
2022-01,2022-01-01,2022-01-31,86.50523809523808,83.22200000000001,4.460204968118705,0.15383879213365237,0.14885617372926507,115.03728,-0.006647503705789148,0.007060368153807062,6.35557,-0.0021557367573064035,114.8255,1196.0345,1.131675,0.883687895312806,2022-01-28,415143,12.94288018863002,138.67499,0.8211824936982614,-0.03955865929326723,199.48752,63.25153
2022-02,2022-02-01,2022-02-28,97.129,91.64105263157894,4.576039991880957,0.11583502376225141,0.0963676081640017,114.99774210526316,-0.0003437554400571585,-0.006647503705789148,6.343552631578947,-0.0018926302795758687,115.27631578947368,1199.1226315789474,1.1349052631578949,0.8811810854712671,2022-02-25,413425,12.936378318172615,216.15901,2.8222189521109753,0.8211824936982614,320.60587,105.21831
2022-03,2022-03-01,2022-03-31,117.24521739130434,108.50260869565216,4.7642676166548386,0.18822762477388189,0.1688948718549117,116.29083913043478,0.011181792819141556,-0.0003437554400571585,6.344552173913043,0.00015755581333642965,118.57739130434784,1220.8408695652174,1.1018521739130436,0.9076054118381386,2022-03-25,409950,12.932231398518397,318.95493,5.476939031116643,2.8222189521109753,403.71362,250.95586
2022-04,2022-04-01,2022-04-30,104.57526315789474,101.7775,4.649907033776397,-0.11436058287844197,-0.06398515789283454,117.16879523809524,0.007521302334443369,0.011181792819141556,6.430999999999999,0.013533527844742377,126.37428571428572,1235.1533333333334,1.080295238095238,0.9258287518563416,2022-04-29,415727,12.923790480024325,191.1431,2.176179317740286,5.476939031116643,221.91055,184.41782
2022-05,2022-05-01,2022-05-31,113.33761904761906,109.55238095238094,4.730371143353174,0.08046410957677708,0.07361374166194246,119.69619047619048,0.02134119700493642,0.007521302334443369,6.698957142857143,0.040821816809596845,128.84857142857143,1268.8080952380951,1.0567190476190476,0.9464146413364668,2022-05-27,414733,12.937784073817115,142.25848,0.9137266613647989,2.176179317740286,166.42456,140.13734
2022-06,2022-06-01,2022-06-30,122.71095238095238,114.83714285714284,4.809831609191753,0.07946046583857935,0.04711217586965599,120.02570952380954,0.0027491794046410334,0.02134119700493642,6.695190476190476,-0.0005624347100077198,133.96190476190475,1277.4057142857143,1.0567190476190476,0.9464217748748436,2022-06-24,415566,12.93539021866532,130.70732,0.6154162188121465,0.9137266613647989,160.72696,114.81469
2022-07,2022-07-01,2022-07-31,111.92571428571428,101.619,4.717835385931229,-0.09199622326052381,-0.12228445007353805,122.7512,0.022453576727870406,0.0027491794046410334,6.735155000000001,0.005951394450611325,136.709,1308.0295,1.016825,0.9835176857128116,2022-07-29,426553,12.937396725428489,117.176765,0.2659876029819603,0.6154162188121465,141.24294,97.83873
2022-08,2022-08-01,2022-08-31,100.44636363636364,93.66521739130437,4.6096238898726165,-0.10821149605861269,-0.08150361767937309,122.31775217391304,-0.0035373577453690075,0.022453576727870406,6.8006782608695655,0.009681527750532437,135.28347826086957,1319.4121739130435,1.0128782608695652,0.9874253762801248,2022-08-26,418346,12.963491905485242,132.86322,0.6710926602344162,0.2659876029819603,159.38303,111.15858
2022-09,2022-09-01,2022-09-30,89.7647619047619,84.25809523809524,4.497192491890844,-0.11243139798177282,-0.10584225732660624,125.5946,0.026437074630382362,-0.0035373577453690075,7.019514285714285,0.03167167412132765,143.28428571428572,1396.3728571428571,0.9898809523809524,1.0104348290797012,2022-09-30,429203,12.944064120305978,131.98587,0.6484349646632724,0.6710926602344162,170.3118,108.628075
2022-10,2022-10-01,2022-10-31,93.33190476190477,87.5547619047619,4.5361620082615515,0.03896951637070778,0.03837979741242936,127.480605,0.014904975901086637,0.026437074630382362,7.190185,0.02402287600796016,147.0515,1426.065,0.985295,1.0150114241578392,2022-10-28,436830,12.969685279462622,143.16241,0.9370707894295665,0.6484349646632724,185.2843,112.675026
2022-11,2022-11-01,2022-11-30,91.41545454545457,84.37047619047618,4.515414551097096,-0.020747457164455696,-0.03704691570600627,124.85272,-0.020829432748518784,0.014904975901086637,7.18118,-0.0012531866219405163,142.445,1361.79,1.01919,0.9815830435852848,2022-11-25,419084,12.98729938237306,116.716286,0.25409566362035463,0.9370707894295665,143.04655,98.68261
2022-12,2022-12-01,2022-12-31,80.924,76.43714285714286,4.393510442615168,-0.12190410848192812,-0.09874879114993362,122.23432857142858,-0.02119487413886567,-0.020829432748518784,6.971695238095238,-0.029605300522462574,134.91476190476192,1293.5628571428572,1.0590666666666668,0.944259335279888,2022-12-30,420646,12.94582665613835,111.19594,0.11153189874273467,0.25409566362035463,119.13853,109.77222
2023-01,2023-01-01,2023-01-31,82.50142857142858,78.123,4.412815609208031,0.019305166592863188,0.02181576664376461,119.810065,-0.02003223131564802,-0.02119487413886567,6.790405,-0.02634782810749492,130.4475,1243.0705,1.07769,0.92800630315339,2023-01-27,452688,12.949546903840679,104.267044,-0.06740788151840837,0.11153189874273467,113.021355,94.62994
2023-02,2023-02-01,2023-02-28,82.58500000000001,76.83263157894737,4.413828065973053,0.0010124567650224847,-0.01665506746472012,120.30837368421054,0.004150530065915703,-0.02003223131564802,6.838042105263158,0.006990862407981746,133.04631578947368,1275.4205263157894,1.0702263157894736,0.9344603605468677,2023-02-24,480207,13.022958425451776,120.99438,0.3645780839505944,-0.06740788151840837,147.05016,103.028755
2023-03,2023-03-01,2023-03-31,78.43434782608696,73.27782608695652,4.362261941440805,-0.051566124532248736,-0.04737138618225867,120.74501304347824,0.003622764589606753,0.004150530065915703,6.890930434782609,0.00770466850222129,133.66434782608695,1306.0160869565218,1.0711347826086957,0.933687109541068,2023-03-31,469952,13.081972539922518,105.379974,-0.03866629705155607,0.3645780839505944,125.085846,86.75404
2023-04,2023-04-01,2023-04-30,84.63833333333334,79.44631578947369,4.438387276674779,0.07612533523397413,0.08082346639043969,119.245145,-0.01249957568144655,0.003622764589606753,6.887565,-0.0004885054199805783,133.47449999999998,1322.057,1.0962,0.9122658804632524,2023-04-28,459633,13.060385840811282,106.809654,-0.001744596243267202,-0.03866629705155607,118.166824,93.24841
2023-05,2023-05-01,2023-05-31,75.466,71.57818181818182,4.323682223699637,-0.11470505297514144,-0.10429121615304293,119.62925454545456,0.0032159986775024407,-0.01249957568144655,6.985359090909091,0.014098788429611986,137.05318181818183,1327.48,1.0867090909090908,0.9203144783362744,2023-05-26,459657,13.038183623945708,108.46768,0.041074174323827956,-0.001744596243267202,122.471504,92.75944
2023-06,2023-06-01,2023-06-30,74.83909090909091,70.24809523809525,4.315340354206122,-0.00834186949351512,-0.018757110521501197,119.29695238095238,-0.002781631894148262,0.0032159986775024407,7.161366666666667,0.02488443774028637,141.35809523809525,1297.2514285714285,1.0840285714285716,0.922551268294512,2023-06-30,452182,13.038235838154511,110.528946,0.09430667847741406,0.041074174323827956,129.40652,95.27891
2023-07,2023-07-01,2023-07-31,80.10809523809523,76.0695,4.383376913113684,0.06803655890756222,0.07961420229642435,118.049165,-0.01051459270228694,-0.002781631894148262,7.186275,0.003472118824232817,140.93599999999998,1282.2835,1.10669,0.9036893697826508,2023-07-28,439771,13.021840032637908,107.448784,0.014761032035509963,0.09430667847741406,123.80915,91.768005
2023-08,2023-08-01,2023-08-31,86.14772727272727,81.38608695652174,4.456063581578097,0.07268666846441274,0.0675569403954075,119.85634782608696,0.015192734002011044,-0.01051459270228694,7.248621739130435,0.008638389031619065,144.7804347826087,1321.7560869565218,1.091,0.9166238053619428,2023-08-25,422944,12.994009415865511,101.14118,-0.1481337889770016,0.014761032035509963,117.609436,83.60505
2023-09,2023-09-01,2023-09-30,93.72238095238096,89.425,4.540337018271877,0.08427343669378029,0.09419594865545289,121.64553,0.014817399560389966,0.015192734002011044,7.29794,0.006780770703109562,147.845,1334.237,1.067175,0.9370926088230294,2023-09-29,414063,12.954995061557533,98.63481,-0.21286117080711164,-0.1481337889770016,125.651794,68.46592
2023-10,2023-10-01,2023-10-31,90.59590909090907,85.63952380952381,4.506409058507508,-0.033927959764369575,-0.04325338181360472,123.4971476190476,0.015106735804396365,0.014817399560389966,7.307109523809523,0.0012556650354893506,149.59333333333333,1351.507142857143,1.056457142857143,0.9465789303165716,2023-10-27,421893,12.93377341514322,197.88701,2.350341806757429,-0.21286117080711164,205.04005,221.80394
2023-11,2023-11-01,2023-11-30,82.94,77.685,4.418117454818235,-0.08829160368927269,-0.09748471478751153,121.22212,-0.018593494365832797,0.015106735804396365,7.222589999999999,-0.011634167245615279,149.679,1308.154,1.08193,0.9243997856845596,2023-11-24,449664,12.952507006365401,156.69614,1.2865814001117941,2.350341806757429,143.49435,189.5544
2023-12,2023-12-01,2023-12-31,77.63105263157895,71.9,4.3519675099234805,-0.06614994489475468,-0.07738592381696385,119.83314,-0.011524290093621659,-0.018593494365832797,7.140210000000001,-0.011471426656123329,143.9815,1304.3945,1.09094,0.9167446672169314,2023-12-29,431065,13.016255916185445,142.27946,0.9142684730170275,1.2865814001117941,136.17839,173.9638
2024-01,2024-01-01,2024-01-31,80.12409090909091,74.15238095238095,4.383576569268087,0.031609059344606116,0.03084591328587649,120.22735714285714,0.0032843179274300027,-0.011524290093621659,7.170704761904762,0.004261755250078547,146.2942857142857,1325.911904761905,1.0898904761904762,0.9175430186521488,2024-01-26,421912,12.974014169779855,160.37366,1.3815539066562648,0.9142684730170275,140.83609,208.47115
2024-02,2024-02-01,2024-02-29,83.47809523809524,77.249,4.424584264963725,0.041007695695638446,0.04091179269737122,121.06594,0.006950762771129604,0.0032843179274300027,7.19349,0.00317250741634445,149.615,1331.3345,1.0793,0.9265405075124168,2024-02-23,447163,12.95255204046689,146.59818,1.0258000659012918,1.3815539066562648,140.24467,171.18118
2024-03,2024-03-01,2024-03-31,85.4085,81.27799999999999,4.4474456274575065,0.022861362493781456,0.05084140651797053,120.65883333333332,-0.0033683519149905194,0.006950762771129604,7.201485714285714,0.0011109035911851528,149.81857142857143,1331.675238095238,1.0870190476190476,0.91996373717233,2024-03-29,451417,13.010678460369718,133.21317,0.6801301715641263,1.0258000659012918,121.53968,151.814
2024-04,2024-04-01,2024-04-30,89.93809523809524,85.34727272727274,4.499121602978377,0.051675975520870665,0.04885311751543142,122.14281363636364,0.01222395976448798,-0.0033683519149905194,7.237431818181818,0.0049790682822672405,153.89,1367.8554545454544,1.0723909090909092,0.9325425156683212,2024-04-26,460890,13.02014680326786,163.94734,1.473844729598858,0.6801301715641263,170.698,165.99069
2024-05,2024-05-01,2024-05-31,81.74619047619048,80.02454545454545,4.403619209011937,-0.09550239396644056,-0.06439508894702417,121.8583409090909,-0.002331733689474369,0.01222395976448798,7.232713636363636,-0.000652126407465925,155.86909090909091,1364.7240909090908,1.0810136363636362,0.925080337197102,2024-05-31,455922,13.040914681792815,130.52187,0.6106269446984305,1.473844729598858,131.44713,133.1543
2024-06,2024-06-01,2024-06-30,82.24600000000001,79.76736842105262,4.4097147562440515,0.006095547232114917,-0.003218901999646917,123.7094789473684,0.015076674979741078,-0.002331733689474369,7.254747368421053,0.0030417681937220387,157.86,1379.0526315789473,1.0763263157894736,0.9291260057217884,2024-06-28,448539,13.030077021233774,113.0928,0.16051859324444934,0.6106269446984305,125.71303,109.73841
2024-07,2024-07-01,2024-07-31,85.15304347826087,81.80045454545454,4.444450149021455,0.034735392777403895,0.025168296586680405,123.38243636363636,-0.002647134563628306,0.015076674979741078,7.260936363636364,0.0008527322177283025,157.51818181818183,1382.047272727273,1.084659090909091,0.921969304371962,2024-07-26,433049,13.013750913222228,92.394875,-0.3740084297274096,0.16051859324444934,95.16028,95.1103
2024-08,2024-08-01,2024-08-31,80.3552380952381,76.68318181818182,4.386457281038621,-0.05799286798283454,-0.0646003883072952,122.61374090909092,-0.006249673999563221,-0.002647134563628306,7.147486363636364,-0.01574805886583741,146.2640909090909,1351.4436363636364,1.1020181818181818,0.9075067481660626,2024-08-30,418310,12.978606164554353,140.97507,0.8805824052834614,-0.3740084297274096,124.804985,165.17947
2024-09,2024-09-01,2024-09-30,74.01666666666667,70.236,4.304290293070002,-0.08216698796861888,-0.08782141197928084,121.884855,-0.005962308827589524,-0.006249673999563221,7.0760000000000005,-0.010051961064165171,142.954,1330.6985,1.110425,0.9005738372828344,2024-09-27,416931,12.943978063431892,130.35878,0.6064151209442867,0.8805824052834614,134.03705,135.55461
2024-10,2024-10-01,2024-10-31,75.63260869565217,71.985,4.325887522141672,0.021597229071669943,0.02459676388123455,123.5952909090909,0.013935657269421142,-0.005962308827589524,7.088118181818182,0.0017111103733196131,149.89090909090908,1362.3690909090908,1.08945,0.9179489483865482,2024-10-25,425509,12.940676019463762,130.68921,0.6149485253411331,0.6064151209442867,128.4097,142.81839
2024-11,2024-11-01,2024-11-30,74.3452380952381,69.95,4.308719623716365,-0.017167898425307193,-0.02867706286682825,126.31133684210526,0.02173734169152386,0.013935657269421142,7.206284210526316,0.016533565694137664,153.71263157894737,1395.02,1.0621315789473684,0.9416781415044648,2024-11-29,423375,12.961041378358242,128.90164,0.5687842615101542,0.6149485253411331,139.14867,127.42887
2024-12,2024-12-01,2024-12-31,73.8595,70.11809523809524,4.302164639837463,-0.00655498387890141,0.0024001942556335365,127.57578095238097,0.009960761898820003,0.02173734169152386,7.280695238095238,0.010272905022145729,153.81428571428572,1439.996666666667,1.0472333333333337,0.9549360523111596,2024-12-27,415601,12.956013590120072,142.36644,0.916514744585704,0.5687842615101542,128.26247,164.81374
2025-01,2025-01-01,2025-01-31,79.27045454545454,75.74249999999999,4.372865480974854,0.07070084113739039,0.07715853421956087,128.83695238095237,0.00983712144359572,0.009960761898820003,7.2957,0.0020587761184502895,156.48190476190476,1452.1919047619049,1.0355904761904762,0.9656943756379897,2025-01-31,423790,12.937480944364083,113.233154,0.16414325638252686,0.916514744585704,117.08644,109.50494
2025-02,2025-02-01,2025-02-28,75.438,71.53315789473685,4.3233111268391,-0.04955435413575415,-0.057178340604490785,127.87583157894736,-0.007487942578898732,0.00983712144359572,7.273431578947369,-0.0030569342137118927,151.57157894736844,1444.7931578947369,1.0413,0.9603757411760594,2025-02-28,433775,12.95699332850208,136.98059,0.7774243591160016,0.16414325638252686,138.76765,140.78716
2025-03,2025-03-01,2025-03-31,72.73285714285714,68.23904761904762,4.286793237635971,-0.03651788920312882,-0.0471441422407155,126.24304285714284,-0.012850766756780985,-0.007487942578898732,7.24925238095238,-0.0033298556111531763,149.05761904761906,1458.345238095238,1.0813142857142857,0.924895075014739,2025-03-28,439792,12.980281245469872,175.90112,1.7825528941448472,0.7774243591160016,195.67752,159.82245
2025-04,2025-04-01,2025-04-30,68.1345,63.53666666666667,4.221483692802509,-0.06530954483346196,-0.07139977966860656,124.1402,-0.016797388486567755,-0.012850766756780985,7.296781818181818,0.006535060447680152,144.12863636363636,1439.7777272727274,1.1231772727272729,0.8906516692122729,2025-04-25,440408,12.994057166850954,140.9737,0.8805470248276206,1.7825528941448472,159.25746,132.05573
2025-05,2025-05-01,2025-05-31,64.453,62.16761904761905,4.16593627601329,-0.05554741678921893,-0.02178289697361535,122.3421619047619,-0.014589847127187916,-0.016797388486567755,7.216557142857143,-0.01105541497258522,144.8761904761905,1391.437619047619,1.1273666666666666,0.8870606454424209,2025-05-30,436059,12.995456848969944,166.82773,1.5482312341251772,0.8805470248276206,205.17381,149.21245
2025-06,2025-06-01,2025-06-30,71.4447619047619,68.16900000000001,4.268924590348537,0.10298831433524747,0.09215564595851422,120.59387,-0.014393271127438823,-0.014589847127187916,7.18035,-0.005029860765656258,144.4835,1364.6775,1.153365,0.8671077799334741,2025-06-27,418951,12.985532834277015,221.1349,2.950722058984512,1.5482312341251772,286.4391,182.07474
2025-07,2025-07-01,2025-07-31,71.04130434782608,68.39090909090909,4.263261459267414,-0.005663131081123041,0.0032499917100343723,120.11269090909092,-0.003998060792707925,-0.014393271127438823,7.174086363636364,-0.0008727109309631942,147.20136363636365,1379.295909090909,1.1670818181818183,0.8568947248983999,2025-07-25,426691,12.945509246958263,134.222,0.7061833578900363,2.950722058984512,156.11005,119.33243
2025-08,2025-08-01,2025-08-31,67.87,64.86428571428571,4.217594110715667,-0.045667348551747367,-0.052942732687281335,120.57584285714286,0.0038485632237375,-0.003998060792707925,7.172695238095238,-0.00019392858748457087,147.47857142857143,1388.9990476190476,1.1647476190476191,0.8585676421861985,2025-08-29,420707,12.96381537685147,138.98846,0.8292779035468808,0.7061833578900363,160.41519,121.73106
2025-09,2025-09-01,2025-09-30,67.98545454545454,63.95904761904762,4.219293778552123,0.0016996678364558093,-0.01405417748442428,120.0290619047619,-0.0045450602445997745,0.0038485632237375,7.123457142857143,-0.006888327518851156,147.86285714285714,1392.9052380952382,1.1738714285714285,0.8518995094494952,2025-09-26,416546,12.949691908375295,126.740585,0.5129746914383501,0.8292779035468808,142.89134,115.22395
2025-10,2025-10-01,2025-10-31,64.54347826086956,60.89454545454546,4.167339078274665,-0.05195470027745763,-0.049099392498293426,120.7618,0.006086114325158931,-0.0045450602445997745,7.119968181818181,-0.0004899047847288784,151.35454545454547,1423.0795454545455,1.1640727272727274,0.8590694176752325,2025-10-31,421168,12.939752178668197,154.51292,1.230199415584716,0.5129746914383501,167.99814,151.54868
2025-11,2025-11-01,2025-11-30,63.797,60.06222222222222,4.155706167301604,-0.011632910973061072,-0.013762543190106058,121.41771666666666,0.0054167939510385565,0.006086114325158931,7.106883333333333,-0.0018394585984693457,155.14111111111112,1459.878888888889,1.1558111111111111,0.8652056873051066,2025-11-28,427503,12.950787082946524,104.35177,-0.06521981983839381,1.230199415584716,118.69732,88.69731
2025-12,2025-12-01,2025-12-31,62.54428571428572,57.97227272727272,4.135874877252714,-0.019831290048889727,-0.035416222093017424,120.18832272727272,-0.01017693558617605,0.0054167939510385565,7.0432,-0.009001185619663232,155.915,1465.355,1.1710363636363637,0.8539662999005003,2025-12-26,422888,12.965716584878189,132.48622,0.6613565785904642,-0.06521981983839381,146.35893,123.53462
2026-01,2026-01-01,2026-01-31,66.60238095238095,60.037,4.198740326943076,0.06286544969036179,0.034996199013328066,119.22981,-0.008007061432190099,-0.01017693558617605,6.9692300000000005,-0.010557867137890309,156.6505,1455.496,1.17443,0.8515584905238661,2026-01-30,420299,12.954862647555505,168.62987,1.5947717703952868,0.6613565785904642,220.17142,100.2221
2026-02,2026-02-01,2026-02-28,70.887,64.50842105263159,4.261087059885541,0.06234673294246473,0.07183473540716623,117.90602105263156,-0.011164931870063732,-0.008007061432190099,6.906352631578947,-0.00906308592339311,155.1015789473684,1447.2857894736842,1.1824105263157894,0.8457392165517071,2026-02-27,439279,12.948721641737462,119.86541,0.33542226407374465,1.5947717703952868,156.00601,81.24062
2026-03,2026-03-01,2026-03-31,103.13454545454546,91.38363636363636,4.63603440235472,0.37494734246917893,0.3482706549759582,119.91985454545456,0.016935765475735387,-0.011164931870063732,6.892077272727272,-0.0020691287405536496,158.68272727272728,1490.5177272727271,1.155668181818182,0.8653233120368153,2026-03-27,461636,12.992890025497786,330.94464,5.786575093311087,0.33542226407374465,320.1606,450.74365
2026-04,2026-04-01,2026-04-30,117.2875,100.31666666666668,4.764628185616168,0.1285937832614481,0.09326542011453487,119.03631818181816,-0.00739499950951128,0.016935765475735387,6.837118181818181,-0.008006206140897865,159.1172727272727,1483.7977272727271,1.1697318181818182,0.8549400921565664,2026-04-24,459495,13.042531980736383,254.4295,3.8105601064718257,5.786575093311087,274.10672,310.0836
2026-05,2026-05-01,2026-05-31,107.13947368421051,102.134,4.674131478029049,-0.09049670758711859,0.017953827266496525,118.779185,-0.0021624602145706717,-0.00739499950951128,6.7996300000000005,-0.00549812547028905,158.153,1488.396,1.168105,0.8561112754087082,2026-05-29,433712,13.037883339325857,203.55667,2.496761628119359,3.8105601064718257,233.46385,215.21938
2026-06,2026-06-01,2026-06-30,85.3990909090909,84.80714285714286,4.447335455645252,-0.22679602238379726,-0.18590590553567843,120.08344761904762,0.0109207167914116,-0.0021624602145706717,6.775828571428571,-0.003506541283211595,160.77,1529.4619047619049,1.1516285714285714,0.8683921399959951,2026-06-26,408359,12.98013599833623,173.63956,1.724147767347246,2.496761628119359,210.58104,177.95995
