period,china_iav_yoy_pct,china_iav_cumulative_yoy_pct,observation_status,source_indicator,source_url,download_date,raw_sha256
2010-01,,,official_calendar_gap_no_interpolation,规上工业增加值同比增长 (%),https://data.stats.gov.cn/dg/website/page.html#/pc/national/monthData,2026-07-31,9b71d8ca1ab44e49211726c4ad06266118ca705dd35f3b68f41b225cc66188e0
2010-02,12.8,20.7,observed,规上工业增加值同比增长 (%),https://data.stats.gov.cn/dg/website/page.html#/pc/national/monthData,2026-07-31,9b71d8ca1ab44e49211726c4ad06266118ca705dd35f3b68f41b225cc66188e0
2010-03,18.1,19.6,observed,规上工业增加值同比增长 (%),https://data.stats.gov.cn/dg/website/page.html#/pc/national/monthData,2026-07-31,9b71d8ca1ab44e49211726c4ad06266118ca705dd35f3b68f41b225cc66188e0
2010-04,17.8,19.1,observed,规上工业增加值同比增长 (%),https://data.stats.gov.cn/dg/website/page.html#/pc/national/monthData,2026-07-31,9b71d8ca1ab44e49211726c4ad06266118ca705dd35f3b68f41b225cc66188e0
2010-05,16.5,18.5,observed,规上工业增加值同比增长 (%),https://data.stats.gov.cn/dg/website/page.html#/pc/national/monthData,2026-07-31,9b71d8ca1ab44e49211726c4ad06266118ca705dd35f3b68f41b225cc66188e0
2010-06,13.7,17.6,observed,规上工业增加值同比增长 (%),https://data.stats.gov.cn/dg/website/page.html#/pc/national/monthData,2026-07-31,9b71d8ca1ab44e49211726c4ad06266118ca705dd35f3b68f41b225cc66188e0
2010-07,13.4,17.0,observed,规上工业增加值同比增长 (%),https://data.stats.gov.cn/dg/website/page.html#/pc/national/monthData,2026-07-31,9b71d8ca1ab44e49211726c4ad06266118ca705dd35f3b68f41b225cc66188e0
2010-08,13.9,16.6,observed,规上工业增加值同比增长 (%),https://data.stats.gov.cn/dg/website/page.html#/pc/national/monthData,2026-07-31,9b71d8ca1ab44e49211726c4ad06266118ca705dd35f3b68f41b225cc66188e0
2010-09,13.3,16.3,observed,规上工业增加值同比增长 (%),https://data.stats.gov.cn/dg/website/page.html#/pc/national/monthData,2026-07-31,9b71d8ca1ab44e49211726c4ad06266118ca705dd35f3b68f41b225cc66188e0
2010-10,13.1,16.1,observed,规上工业增加值同比增长 (%),https://data.stats.gov.cn/dg/website/page.html#/pc/national/monthData,2026-07-31,9b71d8ca1ab44e49211726c4ad06266118ca705dd35f3b68f41b225cc66188e0
2010-11,13.3,15.8,observed,规上工业增加值同比增长 (%),https://data.stats.gov.cn/dg/website/page.html#/pc/national/monthData,2026-07-31,9b71d8ca1ab44e49211726c4ad06266118ca705dd35f3b68f41b225cc66188e0
2010-12,13.5,15.7,observed,规上工业增加值同比增长 (%),https://data.stats.gov.cn/dg/website/page.html#/pc/national/monthData,2026-07-31,9b71d8ca1ab44e49211726c4ad06266118ca705dd35f3b68f41b225cc66188e0
2011-01,,,official_calendar_gap_no_interpolation,规上工业增加值同比增长 (%),https://data.stats.gov.cn/dg/website/page.html#/pc/national/monthData,2026-07-31,9b71d8ca1ab44e49211726c4ad06266118ca705dd35f3b68f41b225cc66188e0
2011-02,14.9,14.1,observed,规上工业增加值同比增长 (%),https://data.stats.gov.cn/dg/website/page.html#/pc/national/monthData,2026-07-31,9b71d8ca1ab44e49211726c4ad06266118ca705dd35f3b68f41b225cc66188e0
2011-03,14.8,14.4,observed,规上工业增加值同比增长 (%),https://data.stats.gov.cn/dg/website/page.html#/pc/national/monthData,2026-07-31,9b71d8ca1ab44e49211726c4ad06266118ca705dd35f3b68f41b225cc66188e0
2011-04,13.4,14.2,observed,规上工业增加值同比增长 (%),https://data.stats.gov.cn/dg/website/page.html#/pc/national/monthData,2026-07-31,9b71d8ca1ab44e49211726c4ad06266118ca705dd35f3b68f41b225cc66188e0
2011-05,13.3,14.0,observed,规上工业增加值同比增长 (%),https://data.stats.gov.cn/dg/website/page.html#/pc/national/monthData,2026-07-31,9b71d8ca1ab44e49211726c4ad06266118ca705dd35f3b68f41b225cc66188e0
2011-06,15.1,14.3,observed,规上工业增加值同比增长 (%),https://data.stats.gov.cn/dg/website/page.html#/pc/national/monthData,2026-07-31,9b71d8ca1ab44e49211726c4ad06266118ca705dd35f3b68f41b225cc66188e0
2011-07,14.0,14.3,observed,规上工业增加值同比增长 (%),https://data.stats.gov.cn/dg/website/page.html#/pc/national/monthData,2026-07-31,9b71d8ca1ab44e49211726c4ad06266118ca705dd35f3b68f41b225cc66188e0
2011-08,13.5,14.2,observed,规上工业增加值同比增长 (%),https://data.stats.gov.cn/dg/website/page.html#/pc/national/monthData,2026-07-31,9b71d8ca1ab44e49211726c4ad06266118ca705dd35f3b68f41b225cc66188e0
2011-09,13.8,14.2,observed,规上工业增加值同比增长 (%),https://data.stats.gov.cn/dg/website/page.html#/pc/national/monthData,2026-07-31,9b71d8ca1ab44e49211726c4ad06266118ca705dd35f3b68f41b225cc66188e0
2011-10,13.2,14.1,observed,规上工业增加值同比增长 (%),https://data.stats.gov.cn/dg/website/page.html#/pc/national/monthData,2026-07-31,9b71d8ca1ab44e49211726c4ad06266118ca705dd35f3b68f41b225cc66188e0
2011-11,12.4,14.0,observed,规上工业增加值同比增长 (%),https://data.stats.gov.cn/dg/website/page.html#/pc/national/monthData,2026-07-31,9b71d8ca1ab44e49211726c4ad06266118ca705dd35f3b68f41b225cc66188e0
2011-12,12.8,13.9,observed,规上工业增加值同比增长 (%),https://data.stats.gov.cn/dg/website/page.html#/pc/national/monthData,2026-07-31,9b71d8ca1ab44e49211726c4ad06266118ca705dd35f3b68f41b225cc66188e0
2012-01,,,official_calendar_gap_no_interpolation,规上工业增加值同比增长 (%),https://data.stats.gov.cn/dg/website/page.html#/pc/national/monthData,2026-07-31,9b71d8ca1ab44e49211726c4ad06266118ca705dd35f3b68f41b225cc66188e0
2012-02,21.3,11.4,observed,规上工业增加值同比增长 (%),https://data.stats.gov.cn/dg/website/page.html#/pc/national/monthData,2026-07-31,9b71d8ca1ab44e49211726c4ad06266118ca705dd35f3b68f41b225cc66188e0
2012-03,11.9,11.6,observed,规上工业增加值同比增长 (%),https://data.stats.gov.cn/dg/website/page.html#/pc/national/monthData,2026-07-31,9b71d8ca1ab44e49211726c4ad06266118ca705dd35f3b68f41b225cc66188e0
2012-04,9.3,11.0,observed,规上工业增加值同比增长 (%),https://data.stats.gov.cn/dg/website/page.html#/pc/national/monthData,2026-07-31,9b71d8ca1ab44e49211726c4ad06266118ca705dd35f3b68f41b225cc66188e0
2012-05,9.6,10.7,observed,规上工业增加值同比增长 (%),https://data.stats.gov.cn/dg/website/page.html#/pc/national/monthData,2026-07-31,9b71d8ca1ab44e49211726c4ad06266118ca705dd35f3b68f41b225cc66188e0
2012-06,9.5,10.5,observed,规上工业增加值同比增长 (%),https://data.stats.gov.cn/dg/website/page.html#/pc/national/monthData,2026-07-31,9b71d8ca1ab44e49211726c4ad06266118ca705dd35f3b68f41b225cc66188e0
2012-07,9.2,10.3,observed,规上工业增加值同比增长 (%),https://data.stats.gov.cn/dg/website/page.html#/pc/national/monthData,2026-07-31,9b71d8ca1ab44e49211726c4ad06266118ca705dd35f3b68f41b225cc66188e0
2012-08,8.9,10.1,observed,规上工业增加值同比增长 (%),https://data.stats.gov.cn/dg/website/page.html#/pc/national/monthData,2026-07-31,9b71d8ca1ab44e49211726c4ad06266118ca705dd35f3b68f41b225cc66188e0
2012-09,9.2,10.0,observed,规上工业增加值同比增长 (%),https://data.stats.gov.cn/dg/website/page.html#/pc/national/monthData,2026-07-31,9b71d8ca1ab44e49211726c4ad06266118ca705dd35f3b68f41b225cc66188e0
2012-10,9.6,10.0,observed,规上工业增加值同比增长 (%),https://data.stats.gov.cn/dg/website/page.html#/pc/national/monthData,2026-07-31,9b71d8ca1ab44e49211726c4ad06266118ca705dd35f3b68f41b225cc66188e0
2012-11,10.1,10.0,observed,规上工业增加值同比增长 (%),https://data.stats.gov.cn/dg/website/page.html#/pc/national/monthData,2026-07-31,9b71d8ca1ab44e49211726c4ad06266118ca705dd35f3b68f41b225cc66188e0
2012-12,10.3,10.0,observed,规上工业增加值同比增长 (%),https://data.stats.gov.cn/dg/website/page.html#/pc/national/monthData,2026-07-31,9b71d8ca1ab44e49211726c4ad06266118ca705dd35f3b68f41b225cc66188e0
2013-01,,,official_calendar_gap_no_interpolation,规上工业增加值同比增长 (%),https://data.stats.gov.cn/dg/website/page.html#/pc/national/monthData,2026-07-31,9b71d8ca1ab44e49211726c4ad06266118ca705dd35f3b68f41b225cc66188e0
2013-02,,9.9,official_calendar_gap_no_interpolation,规上工业增加值同比增长 (%),https://data.stats.gov.cn/dg/website/page.html#/pc/national/monthData,2026-07-31,9b71d8ca1ab44e49211726c4ad06266118ca705dd35f3b68f41b225cc66188e0
2013-03,8.9,9.5,observed,规上工业增加值同比增长 (%),https://data.stats.gov.cn/dg/website/page.html#/pc/national/monthData,2026-07-31,9b71d8ca1ab44e49211726c4ad06266118ca705dd35f3b68f41b225cc66188e0
2013-04,9.3,9.4,observed,规上工业增加值同比增长 (%),https://data.stats.gov.cn/dg/website/page.html#/pc/national/monthData,2026-07-31,9b71d8ca1ab44e49211726c4ad06266118ca705dd35f3b68f41b225cc66188e0
2013-05,9.2,9.4,observed,规上工业增加值同比增长 (%),https://data.stats.gov.cn/dg/website/page.html#/pc/national/monthData,2026-07-31,9b71d8ca1ab44e49211726c4ad06266118ca705dd35f3b68f41b225cc66188e0
2013-06,8.9,9.3,observed,规上工业增加值同比增长 (%),https://data.stats.gov.cn/dg/website/page.html#/pc/national/monthData,2026-07-31,9b71d8ca1ab44e49211726c4ad06266118ca705dd35f3b68f41b225cc66188e0
2013-07,9.7,9.4,observed,规上工业增加值同比增长 (%),https://data.stats.gov.cn/dg/website/page.html#/pc/national/monthData,2026-07-31,9b71d8ca1ab44e49211726c4ad06266118ca705dd35f3b68f41b225cc66188e0
2013-08,10.4,9.5,observed,规上工业增加值同比增长 (%),https://data.stats.gov.cn/dg/website/page.html#/pc/national/monthData,2026-07-31,9b71d8ca1ab44e49211726c4ad06266118ca705dd35f3b68f41b225cc66188e0
2013-09,10.2,9.6,observed,规上工业增加值同比增长 (%),https://data.stats.gov.cn/dg/website/page.html#/pc/national/monthData,2026-07-31,9b71d8ca1ab44e49211726c4ad06266118ca705dd35f3b68f41b225cc66188e0
2013-10,10.3,9.7,observed,规上工业增加值同比增长 (%),https://data.stats.gov.cn/dg/website/page.html#/pc/national/monthData,2026-07-31,9b71d8ca1ab44e49211726c4ad06266118ca705dd35f3b68f41b225cc66188e0
2013-11,10.0,9.7,observed,规上工业增加值同比增长 (%),https://data.stats.gov.cn/dg/website/page.html#/pc/national/monthData,2026-07-31,9b71d8ca1ab44e49211726c4ad06266118ca705dd35f3b68f41b225cc66188e0
2013-12,9.7,9.7,observed,规上工业增加值同比增长 (%),https://data.stats.gov.cn/dg/website/page.html#/pc/national/monthData,2026-07-31,9b71d8ca1ab44e49211726c4ad06266118ca705dd35f3b68f41b225cc66188e0
2014-01,,,official_calendar_gap_no_interpolation,规上工业增加值同比增长 (%),https://data.stats.gov.cn/dg/website/page.html#/pc/national/monthData,2026-07-31,9b71d8ca1ab44e49211726c4ad06266118ca705dd35f3b68f41b225cc66188e0
2014-02,,8.6,official_calendar_gap_no_interpolation,规上工业增加值同比增长 (%),https://data.stats.gov.cn/dg/website/page.html#/pc/national/monthData,2026-07-31,9b71d8ca1ab44e49211726c4ad06266118ca705dd35f3b68f41b225cc66188e0
2014-03,8.8,8.7,observed,规上工业增加值同比增长 (%),https://data.stats.gov.cn/dg/website/page.html#/pc/national/monthData,2026-07-31,9b71d8ca1ab44e49211726c4ad06266118ca705dd35f3b68f41b225cc66188e0
2014-04,8.7,8.7,observed,规上工业增加值同比增长 (%),https://data.stats.gov.cn/dg/website/page.html#/pc/national/monthData,2026-07-31,9b71d8ca1ab44e49211726c4ad06266118ca705dd35f3b68f41b225cc66188e0
2014-05,8.8,8.7,observed,规上工业增加值同比增长 (%),https://data.stats.gov.cn/dg/website/page.html#/pc/national/monthData,2026-07-31,9b71d8ca1ab44e49211726c4ad06266118ca705dd35f3b68f41b225cc66188e0
2014-06,9.2,8.8,observed,规上工业增加值同比增长 (%),https://data.stats.gov.cn/dg/website/page.html#/pc/national/monthData,2026-07-31,9b71d8ca1ab44e49211726c4ad06266118ca705dd35f3b68f41b225cc66188e0
2014-07,9.0,8.8,observed,规上工业增加值同比增长 (%),https://data.stats.gov.cn/dg/website/page.html#/pc/national/monthData,2026-07-31,9b71d8ca1ab44e49211726c4ad06266118ca705dd35f3b68f41b225cc66188e0
2014-08,6.9,8.5,observed,规上工业增加值同比增长 (%),https://data.stats.gov.cn/dg/website/page.html#/pc/national/monthData,2026-07-31,9b71d8ca1ab44e49211726c4ad06266118ca705dd35f3b68f41b225cc66188e0
2014-09,8.0,8.5,observed,规上工业增加值同比增长 (%),https://data.stats.gov.cn/dg/website/page.html#/pc/national/monthData,2026-07-31,9b71d8ca1ab44e49211726c4ad06266118ca705dd35f3b68f41b225cc66188e0
2014-10,7.7,8.4,observed,规上工业增加值同比增长 (%),https://data.stats.gov.cn/dg/website/page.html#/pc/national/monthData,2026-07-31,9b71d8ca1ab44e49211726c4ad06266118ca705dd35f3b68f41b225cc66188e0
2014-11,7.2,8.3,observed,规上工业增加值同比增长 (%),https://data.stats.gov.cn/dg/website/page.html#/pc/national/monthData,2026-07-31,9b71d8ca1ab44e49211726c4ad06266118ca705dd35f3b68f41b225cc66188e0
2014-12,7.9,8.3,observed,规上工业增加值同比增长 (%),https://data.stats.gov.cn/dg/website/page.html#/pc/national/monthData,2026-07-31,9b71d8ca1ab44e49211726c4ad06266118ca705dd35f3b68f41b225cc66188e0
2015-01,,,official_calendar_gap_no_interpolation,规上工业增加值同比增长 (%),https://data.stats.gov.cn/dg/website/page.html#/pc/national/monthData,2026-07-31,9b71d8ca1ab44e49211726c4ad06266118ca705dd35f3b68f41b225cc66188e0
2015-02,,6.8,official_calendar_gap_no_interpolation,规上工业增加值同比增长 (%),https://data.stats.gov.cn/dg/website/page.html#/pc/national/monthData,2026-07-31,9b71d8ca1ab44e49211726c4ad06266118ca705dd35f3b68f41b225cc66188e0
2015-03,5.6,6.4,observed,规上工业增加值同比增长 (%),https://data.stats.gov.cn/dg/website/page.html#/pc/national/monthData,2026-07-31,9b71d8ca1ab44e49211726c4ad06266118ca705dd35f3b68f41b225cc66188e0
2015-04,5.9,6.2,observed,规上工业增加值同比增长 (%),https://data.stats.gov.cn/dg/website/page.html#/pc/national/monthData,2026-07-31,9b71d8ca1ab44e49211726c4ad06266118ca705dd35f3b68f41b225cc66188e0
2015-05,6.1,6.2,observed,规上工业增加值同比增长 (%),https://data.stats.gov.cn/dg/website/page.html#/pc/national/monthData,2026-07-31,9b71d8ca1ab44e49211726c4ad06266118ca705dd35f3b68f41b225cc66188e0
2015-06,6.8,6.3,observed,规上工业增加值同比增长 (%),https://data.stats.gov.cn/dg/website/page.html#/pc/national/monthData,2026-07-31,9b71d8ca1ab44e49211726c4ad06266118ca705dd35f3b68f41b225cc66188e0
2015-07,6.0,6.3,observed,规上工业增加值同比增长 (%),https://data.stats.gov.cn/dg/website/page.html#/pc/national/monthData,2026-07-31,9b71d8ca1ab44e49211726c4ad06266118ca705dd35f3b68f41b225cc66188e0
2015-08,6.1,6.3,observed,规上工业增加值同比增长 (%),https://data.stats.gov.cn/dg/website/page.html#/pc/national/monthData,2026-07-31,9b71d8ca1ab44e49211726c4ad06266118ca705dd35f3b68f41b225cc66188e0
2015-09,5.7,6.2,observed,规上工业增加值同比增长 (%),https://data.stats.gov.cn/dg/website/page.html#/pc/national/monthData,2026-07-31,9b71d8ca1ab44e49211726c4ad06266118ca705dd35f3b68f41b225cc66188e0
2015-10,5.6,6.1,observed,规上工业增加值同比增长 (%),https://data.stats.gov.cn/dg/website/page.html#/pc/national/monthData,2026-07-31,9b71d8ca1ab44e49211726c4ad06266118ca705dd35f3b68f41b225cc66188e0
2015-11,6.2,6.1,observed,规上工业增加值同比增长 (%),https://data.stats.gov.cn/dg/website/page.html#/pc/national/monthData,2026-07-31,9b71d8ca1ab44e49211726c4ad06266118ca705dd35f3b68f41b225cc66188e0
2015-12,5.9,6.1,observed,规上工业增加值同比增长 (%),https://data.stats.gov.cn/dg/website/page.html#/pc/national/monthData,2026-07-31,9b71d8ca1ab44e49211726c4ad06266118ca705dd35f3b68f41b225cc66188e0
2016-01,,,official_calendar_gap_no_interpolation,规上工业增加值同比增长 (%),https://data.stats.gov.cn/dg/website/page.html#/pc/national/monthData,2026-07-31,9b71d8ca1ab44e49211726c4ad06266118ca705dd35f3b68f41b225cc66188e0
2016-02,,5.4,official_calendar_gap_no_interpolation,规上工业增加值同比增长 (%),https://data.stats.gov.cn/dg/website/page.html#/pc/national/monthData,2026-07-31,9b71d8ca1ab44e49211726c4ad06266118ca705dd35f3b68f41b225cc66188e0
2016-03,6.8,5.8,observed,规上工业增加值同比增长 (%),https://data.stats.gov.cn/dg/website/page.html#/pc/national/monthData,2026-07-31,9b71d8ca1ab44e49211726c4ad06266118ca705dd35f3b68f41b225cc66188e0
2016-04,6.0,5.8,observed,规上工业增加值同比增长 (%),https://data.stats.gov.cn/dg/website/page.html#/pc/national/monthData,2026-07-31,9b71d8ca1ab44e49211726c4ad06266118ca705dd35f3b68f41b225cc66188e0
2016-05,6.0,5.9,observed,规上工业增加值同比增长 (%),https://data.stats.gov.cn/dg/website/page.html#/pc/national/monthData,2026-07-31,9b71d8ca1ab44e49211726c4ad06266118ca705dd35f3b68f41b225cc66188e0
2016-06,6.2,6.0,observed,规上工业增加值同比增长 (%),https://data.stats.gov.cn/dg/website/page.html#/pc/national/monthData,2026-07-31,9b71d8ca1ab44e49211726c4ad06266118ca705dd35f3b68f41b225cc66188e0
2016-07,6.0,6.0,observed,规上工业增加值同比增长 (%),https://data.stats.gov.cn/dg/website/page.html#/pc/national/monthData,2026-07-31,9b71d8ca1ab44e49211726c4ad06266118ca705dd35f3b68f41b225cc66188e0
2016-08,6.3,6.0,observed,规上工业增加值同比增长 (%),https://data.stats.gov.cn/dg/website/page.html#/pc/national/monthData,2026-07-31,9b71d8ca1ab44e49211726c4ad06266118ca705dd35f3b68f41b225cc66188e0
2016-09,6.1,6.0,observed,规上工业增加值同比增长 (%),https://data.stats.gov.cn/dg/website/page.html#/pc/national/monthData,2026-07-31,9b71d8ca1ab44e49211726c4ad06266118ca705dd35f3b68f41b225cc66188e0
2016-10,6.1,6.0,observed,规上工业增加值同比增长 (%),https://data.stats.gov.cn/dg/website/page.html#/pc/national/monthData,2026-07-31,9b71d8ca1ab44e49211726c4ad06266118ca705dd35f3b68f41b225cc66188e0
2016-11,6.2,6.0,observed,规上工业增加值同比增长 (%),https://data.stats.gov.cn/dg/website/page.html#/pc/national/monthData,2026-07-31,9b71d8ca1ab44e49211726c4ad06266118ca705dd35f3b68f41b225cc66188e0
2016-12,6.0,6.0,observed,规上工业增加值同比增长 (%),https://data.stats.gov.cn/dg/website/page.html#/pc/national/monthData,2026-07-31,9b71d8ca1ab44e49211726c4ad06266118ca705dd35f3b68f41b225cc66188e0
2017-01,,,official_calendar_gap_no_interpolation,规上工业增加值同比增长 (%),https://data.stats.gov.cn/dg/website/page.html#/pc/national/monthData,2026-07-31,9b71d8ca1ab44e49211726c4ad06266118ca705dd35f3b68f41b225cc66188e0
2017-02,,6.3,official_calendar_gap_no_interpolation,规上工业增加值同比增长 (%),https://data.stats.gov.cn/dg/website/page.html#/pc/national/monthData,2026-07-31,9b71d8ca1ab44e49211726c4ad06266118ca705dd35f3b68f41b225cc66188e0
2017-03,7.6,6.8,observed,规上工业增加值同比增长 (%),https://data.stats.gov.cn/dg/website/page.html#/pc/national/monthData,2026-07-31,9b71d8ca1ab44e49211726c4ad06266118ca705dd35f3b68f41b225cc66188e0
2017-04,6.5,6.7,observed,规上工业增加值同比增长 (%),https://data.stats.gov.cn/dg/website/page.html#/pc/national/monthData,2026-07-31,9b71d8ca1ab44e49211726c4ad06266118ca705dd35f3b68f41b225cc66188e0
2017-05,6.5,6.7,observed,规上工业增加值同比增长 (%),https://data.stats.gov.cn/dg/website/page.html#/pc/national/monthData,2026-07-31,9b71d8ca1ab44e49211726c4ad06266118ca705dd35f3b68f41b225cc66188e0
2017-06,7.6,6.9,observed,规上工业增加值同比增长 (%),https://data.stats.gov.cn/dg/website/page.html#/pc/national/monthData,2026-07-31,9b71d8ca1ab44e49211726c4ad06266118ca705dd35f3b68f41b225cc66188e0
2017-07,6.4,6.8,observed,规上工业增加值同比增长 (%),https://data.stats.gov.cn/dg/website/page.html#/pc/national/monthData,2026-07-31,9b71d8ca1ab44e49211726c4ad06266118ca705dd35f3b68f41b225cc66188e0
2017-08,6.0,6.7,observed,规上工业增加值同比增长 (%),https://data.stats.gov.cn/dg/website/page.html#/pc/national/monthData,2026-07-31,9b71d8ca1ab44e49211726c4ad06266118ca705dd35f3b68f41b225cc66188e0
2017-09,6.6,6.7,observed,规上工业增加值同比增长 (%),https://data.stats.gov.cn/dg/website/page.html#/pc/national/monthData,2026-07-31,9b71d8ca1ab44e49211726c4ad06266118ca705dd35f3b68f41b225cc66188e0
2017-10,6.2,6.7,observed,规上工业增加值同比增长 (%),https://data.stats.gov.cn/dg/website/page.html#/pc/national/monthData,2026-07-31,9b71d8ca1ab44e49211726c4ad06266118ca705dd35f3b68f41b225cc66188e0
2017-11,6.1,6.6,observed,规上工业增加值同比增长 (%),https://data.stats.gov.cn/dg/website/page.html#/pc/national/monthData,2026-07-31,9b71d8ca1ab44e49211726c4ad06266118ca705dd35f3b68f41b225cc66188e0
2017-12,6.2,6.6,observed,规上工业增加值同比增长 (%),https://data.stats.gov.cn/dg/website/page.html#/pc/national/monthData,2026-07-31,9b71d8ca1ab44e49211726c4ad06266118ca705dd35f3b68f41b225cc66188e0
2018-01,,,official_calendar_gap_no_interpolation,规上工业增加值同比增长 (%),https://data.stats.gov.cn/dg/website/page.html#/pc/national/monthData,2026-07-31,9b71d8ca1ab44e49211726c4ad06266118ca705dd35f3b68f41b225cc66188e0
2018-02,,7.2,official_calendar_gap_no_interpolation,规上工业增加值同比增长 (%),https://data.stats.gov.cn/dg/website/page.html#/pc/national/monthData,2026-07-31,9b71d8ca1ab44e49211726c4ad06266118ca705dd35f3b68f41b225cc66188e0
2018-03,6.0,6.8,observed,规上工业增加值同比增长 (%),https://data.stats.gov.cn/dg/website/page.html#/pc/national/monthData,2026-07-31,9b71d8ca1ab44e49211726c4ad06266118ca705dd35f3b68f41b225cc66188e0
2018-04,7.0,6.9,observed,规上工业增加值同比增长 (%),https://data.stats.gov.cn/dg/website/page.html#/pc/national/monthData,2026-07-31,9b71d8ca1ab44e49211726c4ad06266118ca705dd35f3b68f41b225cc66188e0
2018-05,6.8,6.9,observed,规上工业增加值同比增长 (%),https://data.stats.gov.cn/dg/website/page.html#/pc/national/monthData,2026-07-31,9b71d8ca1ab44e49211726c4ad06266118ca705dd35f3b68f41b225cc66188e0
2018-06,6.0,6.7,observed,规上工业增加值同比增长 (%),https://data.stats.gov.cn/dg/website/page.html#/pc/national/monthData,2026-07-31,9b71d8ca1ab44e49211726c4ad06266118ca705dd35f3b68f41b225cc66188e0
2018-07,6.0,6.6,observed,规上工业增加值同比增长 (%),https://data.stats.gov.cn/dg/website/page.html#/pc/national/monthData,2026-07-31,9b71d8ca1ab44e49211726c4ad06266118ca705dd35f3b68f41b225cc66188e0
2018-08,6.1,6.5,observed,规上工业增加值同比增长 (%),https://data.stats.gov.cn/dg/website/page.html#/pc/national/monthData,2026-07-31,9b71d8ca1ab44e49211726c4ad06266118ca705dd35f3b68f41b225cc66188e0
2018-09,5.8,6.4,observed,规上工业增加值同比增长 (%),https://data.stats.gov.cn/dg/website/page.html#/pc/national/monthData,2026-07-31,9b71d8ca1ab44e49211726c4ad06266118ca705dd35f3b68f41b225cc66188e0
2018-10,5.9,6.4,observed,规上工业增加值同比增长 (%),https://data.stats.gov.cn/dg/website/page.html#/pc/national/monthData,2026-07-31,9b71d8ca1ab44e49211726c4ad06266118ca705dd35f3b68f41b225cc66188e0
2018-11,5.4,6.3,observed,规上工业增加值同比增长 (%),https://data.stats.gov.cn/dg/website/page.html#/pc/national/monthData,2026-07-31,9b71d8ca1ab44e49211726c4ad06266118ca705dd35f3b68f41b225cc66188e0
2018-12,5.7,6.2,observed,规上工业增加值同比增长 (%),https://data.stats.gov.cn/dg/website/page.html#/pc/national/monthData,2026-07-31,9b71d8ca1ab44e49211726c4ad06266118ca705dd35f3b68f41b225cc66188e0
2019-01,,,official_calendar_gap_no_interpolation,规上工业增加值同比增长 (%),https://data.stats.gov.cn/dg/website/page.html#/pc/national/monthData,2026-07-31,9b71d8ca1ab44e49211726c4ad06266118ca705dd35f3b68f41b225cc66188e0
2019-02,,5.3,official_calendar_gap_no_interpolation,规上工业增加值同比增长 (%),https://data.stats.gov.cn/dg/website/page.html#/pc/national/monthData,2026-07-31,9b71d8ca1ab44e49211726c4ad06266118ca705dd35f3b68f41b225cc66188e0
2019-03,8.5,6.5,observed,规上工业增加值同比增长 (%),https://data.stats.gov.cn/dg/website/page.html#/pc/national/monthData,2026-07-31,9b71d8ca1ab44e49211726c4ad06266118ca705dd35f3b68f41b225cc66188e0
2019-04,5.4,6.2,observed,规上工业增加值同比增长 (%),https://data.stats.gov.cn/dg/website/page.html#/pc/national/monthData,2026-07-31,9b71d8ca1ab44e49211726c4ad06266118ca705dd35f3b68f41b225cc66188e0
2019-05,5.0,6.0,observed,规上工业增加值同比增长 (%),https://data.stats.gov.cn/dg/website/page.html#/pc/national/monthData,2026-07-31,9b71d8ca1ab44e49211726c4ad06266118ca705dd35f3b68f41b225cc66188e0
2019-06,6.3,6.0,observed,规上工业增加值同比增长 (%),https://data.stats.gov.cn/dg/website/page.html#/pc/national/monthData,2026-07-31,9b71d8ca1ab44e49211726c4ad06266118ca705dd35f3b68f41b225cc66188e0
2019-07,4.8,5.8,observed,规上工业增加值同比增长 (%),https://data.stats.gov.cn/dg/website/page.html#/pc/national/monthData,2026-07-31,9b71d8ca1ab44e49211726c4ad06266118ca705dd35f3b68f41b225cc66188e0
2019-08,4.4,5.6,observed,规上工业增加值同比增长 (%),https://data.stats.gov.cn/dg/website/page.html#/pc/national/monthData,2026-07-31,9b71d8ca1ab44e49211726c4ad06266118ca705dd35f3b68f41b225cc66188e0
2019-09,5.8,5.6,observed,规上工业增加值同比增长 (%),https://data.stats.gov.cn/dg/website/page.html#/pc/national/monthData,2026-07-31,9b71d8ca1ab44e49211726c4ad06266118ca705dd35f3b68f41b225cc66188e0
2019-10,4.7,5.6,observed,规上工业增加值同比增长 (%),https://data.stats.gov.cn/dg/website/page.html#/pc/national/monthData,2026-07-31,9b71d8ca1ab44e49211726c4ad06266118ca705dd35f3b68f41b225cc66188e0
2019-11,6.2,5.6,observed,规上工业增加值同比增长 (%),https://data.stats.gov.cn/dg/website/page.html#/pc/national/monthData,2026-07-31,9b71d8ca1ab44e49211726c4ad06266118ca705dd35f3b68f41b225cc66188e0
2019-12,6.9,5.7,observed,规上工业增加值同比增长 (%),https://data.stats.gov.cn/dg/website/page.html#/pc/national/monthData,2026-07-31,9b71d8ca1ab44e49211726c4ad06266118ca705dd35f3b68f41b225cc66188e0
2020-01,,,official_calendar_gap_no_interpolation,规上工业增加值同比增长 (%),https://data.stats.gov.cn/dg/website/page.html#/pc/national/monthData,2026-07-31,9b71d8ca1ab44e49211726c4ad06266118ca705dd35f3b68f41b225cc66188e0
2020-02,,-13.5,official_calendar_gap_no_interpolation,规上工业增加值同比增长 (%),https://data.stats.gov.cn/dg/website/page.html#/pc/national/monthData,2026-07-31,9b71d8ca1ab44e49211726c4ad06266118ca705dd35f3b68f41b225cc66188e0
2020-03,-1.1,-8.4,observed,规上工业增加值同比增长 (%),https://data.stats.gov.cn/dg/website/page.html#/pc/national/monthData,2026-07-31,9b71d8ca1ab44e49211726c4ad06266118ca705dd35f3b68f41b225cc66188e0
2020-04,3.9,-4.9,observed,规上工业增加值同比增长 (%),https://data.stats.gov.cn/dg/website/page.html#/pc/national/monthData,2026-07-31,9b71d8ca1ab44e49211726c4ad06266118ca705dd35f3b68f41b225cc66188e0
2020-05,4.4,-2.8,observed,规上工业增加值同比增长 (%),https://data.stats.gov.cn/dg/website/page.html#/pc/national/monthData,2026-07-31,9b71d8ca1ab44e49211726c4ad06266118ca705dd35f3b68f41b225cc66188e0
2020-06,4.8,-1.3,observed,规上工业增加值同比增长 (%),https://data.stats.gov.cn/dg/website/page.html#/pc/national/monthData,2026-07-31,9b71d8ca1ab44e49211726c4ad06266118ca705dd35f3b68f41b225cc66188e0
2020-07,4.8,-0.4,observed,规上工业增加值同比增长 (%),https://data.stats.gov.cn/dg/website/page.html#/pc/national/monthData,2026-07-31,9b71d8ca1ab44e49211726c4ad06266118ca705dd35f3b68f41b225cc66188e0
2020-08,5.6,0.4,observed,规上工业增加值同比增长 (%),https://data.stats.gov.cn/dg/website/page.html#/pc/national/monthData,2026-07-31,9b71d8ca1ab44e49211726c4ad06266118ca705dd35f3b68f41b225cc66188e0
2020-09,6.9,1.2,observed,规上工业增加值同比增长 (%),https://data.stats.gov.cn/dg/website/page.html#/pc/national/monthData,2026-07-31,9b71d8ca1ab44e49211726c4ad06266118ca705dd35f3b68f41b225cc66188e0
2020-10,6.9,1.8,observed,规上工业增加值同比增长 (%),https://data.stats.gov.cn/dg/website/page.html#/pc/national/monthData,2026-07-31,9b71d8ca1ab44e49211726c4ad06266118ca705dd35f3b68f41b225cc66188e0
2020-11,7.0,2.3,observed,规上工业增加值同比增长 (%),https://data.stats.gov.cn/dg/website/page.html#/pc/national/monthData,2026-07-31,9b71d8ca1ab44e49211726c4ad06266118ca705dd35f3b68f41b225cc66188e0
2020-12,7.3,2.8,observed,规上工业增加值同比增长 (%),https://data.stats.gov.cn/dg/website/page.html#/pc/national/monthData,2026-07-31,9b71d8ca1ab44e49211726c4ad06266118ca705dd35f3b68f41b225cc66188e0
2021-01,,,official_calendar_gap_no_interpolation,规上工业增加值同比增长 (%),https://data.stats.gov.cn/dg/website/page.html#/pc/national/monthData,2026-07-31,9b71d8ca1ab44e49211726c4ad06266118ca705dd35f3b68f41b225cc66188e0
2021-02,,35.1,official_calendar_gap_no_interpolation,规上工业增加值同比增长 (%),https://data.stats.gov.cn/dg/website/page.html#/pc/national/monthData,2026-07-31,9b71d8ca1ab44e49211726c4ad06266118ca705dd35f3b68f41b225cc66188e0
2021-03,14.1,24.5,observed,规上工业增加值同比增长 (%),https://data.stats.gov.cn/dg/website/page.html#/pc/national/monthData,2026-07-31,9b71d8ca1ab44e49211726c4ad06266118ca705dd35f3b68f41b225cc66188e0
2021-04,9.8,20.3,observed,规上工业增加值同比增长 (%),https://data.stats.gov.cn/dg/website/page.html#/pc/national/monthData,2026-07-31,9b71d8ca1ab44e49211726c4ad06266118ca705dd35f3b68f41b225cc66188e0
2021-05,8.8,17.8,observed,规上工业增加值同比增长 (%),https://data.stats.gov.cn/dg/website/page.html#/pc/national/monthData,2026-07-31,9b71d8ca1ab44e49211726c4ad06266118ca705dd35f3b68f41b225cc66188e0
2021-06,8.3,15.9,observed,规上工业增加值同比增长 (%),https://data.stats.gov.cn/dg/website/page.html#/pc/national/monthData,2026-07-31,9b71d8ca1ab44e49211726c4ad06266118ca705dd35f3b68f41b225cc66188e0
2021-07,6.4,14.4,observed,规上工业增加值同比增长 (%),https://data.stats.gov.cn/dg/website/page.html#/pc/national/monthData,2026-07-31,9b71d8ca1ab44e49211726c4ad06266118ca705dd35f3b68f41b225cc66188e0
2021-08,5.3,13.1,observed,规上工业增加值同比增长 (%),https://data.stats.gov.cn/dg/website/page.html#/pc/national/monthData,2026-07-31,9b71d8ca1ab44e49211726c4ad06266118ca705dd35f3b68f41b225cc66188e0
2021-09,3.1,11.8,observed,规上工业增加值同比增长 (%),https://data.stats.gov.cn/dg/website/page.html#/pc/national/monthData,2026-07-31,9b71d8ca1ab44e49211726c4ad06266118ca705dd35f3b68f41b225cc66188e0
2021-10,3.5,10.9,observed,规上工业增加值同比增长 (%),https://data.stats.gov.cn/dg/website/page.html#/pc/national/monthData,2026-07-31,9b71d8ca1ab44e49211726c4ad06266118ca705dd35f3b68f41b225cc66188e0
2021-11,3.8,10.1,observed,规上工业增加值同比增长 (%),https://data.stats.gov.cn/dg/website/page.html#/pc/national/monthData,2026-07-31,9b71d8ca1ab44e49211726c4ad06266118ca705dd35f3b68f41b225cc66188e0
2021-12,4.3,9.6,observed,规上工业增加值同比增长 (%),https://data.stats.gov.cn/dg/website/page.html#/pc/national/monthData,2026-07-31,9b71d8ca1ab44e49211726c4ad06266118ca705dd35f3b68f41b225cc66188e0
2022-01,,,official_calendar_gap_no_interpolation,规上工业增加值同比增长 (%),https://data.stats.gov.cn/dg/website/page.html#/pc/national/monthData,2026-07-31,9b71d8ca1ab44e49211726c4ad06266118ca705dd35f3b68f41b225cc66188e0
2022-02,,7.5,official_calendar_gap_no_interpolation,规上工业增加值同比增长 (%),https://data.stats.gov.cn/dg/website/page.html#/pc/national/monthData,2026-07-31,9b71d8ca1ab44e49211726c4ad06266118ca705dd35f3b68f41b225cc66188e0
2022-03,5.0,6.5,observed,规上工业增加值同比增长 (%),https://data.stats.gov.cn/dg/website/page.html#/pc/national/monthData,2026-07-31,9b71d8ca1ab44e49211726c4ad06266118ca705dd35f3b68f41b225cc66188e0
2022-04,-2.9,4.0,observed,规上工业增加值同比增长 (%),https://data.stats.gov.cn/dg/website/page.html#/pc/national/monthData,2026-07-31,9b71d8ca1ab44e49211726c4ad06266118ca705dd35f3b68f41b225cc66188e0
2022-05,0.7,3.3,observed,规上工业增加值同比增长 (%),https://data.stats.gov.cn/dg/website/page.html#/pc/national/monthData,2026-07-31,9b71d8ca1ab44e49211726c4ad06266118ca705dd35f3b68f41b225cc66188e0
2022-06,3.9,3.4,observed,规上工业增加值同比增长 (%),https://data.stats.gov.cn/dg/website/page.html#/pc/national/monthData,2026-07-31,9b71d8ca1ab44e49211726c4ad06266118ca705dd35f3b68f41b225cc66188e0
2022-07,3.8,3.5,observed,规上工业增加值同比增长 (%),https://data.stats.gov.cn/dg/website/page.html#/pc/national/monthData,2026-07-31,9b71d8ca1ab44e49211726c4ad06266118ca705dd35f3b68f41b225cc66188e0
2022-08,4.2,3.6,observed,规上工业增加值同比增长 (%),https://data.stats.gov.cn/dg/website/page.html#/pc/national/monthData,2026-07-31,9b71d8ca1ab44e49211726c4ad06266118ca705dd35f3b68f41b225cc66188e0
2022-09,6.3,3.9,observed,规上工业增加值同比增长 (%),https://data.stats.gov.cn/dg/website/page.html#/pc/national/monthData,2026-07-31,9b71d8ca1ab44e49211726c4ad06266118ca705dd35f3b68f41b225cc66188e0
2022-10,5.0,4.0,observed,规上工业增加值同比增长 (%),https://data.stats.gov.cn/dg/website/page.html#/pc/national/monthData,2026-07-31,9b71d8ca1ab44e49211726c4ad06266118ca705dd35f3b68f41b225cc66188e0
2022-11,2.2,3.8,observed,规上工业增加值同比增长 (%),https://data.stats.gov.cn/dg/website/page.html#/pc/national/monthData,2026-07-31,9b71d8ca1ab44e49211726c4ad06266118ca705dd35f3b68f41b225cc66188e0
2022-12,1.3,3.6,observed,规上工业增加值同比增长 (%),https://data.stats.gov.cn/dg/website/page.html#/pc/national/monthData,2026-07-31,9b71d8ca1ab44e49211726c4ad06266118ca705dd35f3b68f41b225cc66188e0
2023-01,,,official_calendar_gap_no_interpolation,规上工业增加值同比增长 (%),https://data.stats.gov.cn/dg/website/page.html#/pc/national/monthData,2026-07-31,9b71d8ca1ab44e49211726c4ad06266118ca705dd35f3b68f41b225cc66188e0
2023-02,,2.4,official_calendar_gap_no_interpolation,规上工业增加值同比增长 (%),https://data.stats.gov.cn/dg/website/page.html#/pc/national/monthData,2026-07-31,9b71d8ca1ab44e49211726c4ad06266118ca705dd35f3b68f41b225cc66188e0
2023-03,3.9,3.0,observed,规上工业增加值同比增长 (%),https://data.stats.gov.cn/dg/website/page.html#/pc/national/monthData,2026-07-31,9b71d8ca1ab44e49211726c4ad06266118ca705dd35f3b68f41b225cc66188e0
2023-04,5.6,3.6,observed,规上工业增加值同比增长 (%),https://data.stats.gov.cn/dg/website/page.html#/pc/national/monthData,2026-07-31,9b71d8ca1ab44e49211726c4ad06266118ca705dd35f3b68f41b225cc66188e0
2023-05,3.5,3.6,observed,规上工业增加值同比增长 (%),https://data.stats.gov.cn/dg/website/page.html#/pc/national/monthData,2026-07-31,9b71d8ca1ab44e49211726c4ad06266118ca705dd35f3b68f41b225cc66188e0
2023-06,4.4,3.8,observed,规上工业增加值同比增长 (%),https://data.stats.gov.cn/dg/website/page.html#/pc/national/monthData,2026-07-31,9b71d8ca1ab44e49211726c4ad06266118ca705dd35f3b68f41b225cc66188e0
2023-07,3.7,3.8,observed,规上工业增加值同比增长 (%),https://data.stats.gov.cn/dg/website/page.html#/pc/national/monthData,2026-07-31,9b71d8ca1ab44e49211726c4ad06266118ca705dd35f3b68f41b225cc66188e0
2023-08,4.5,3.9,observed,规上工业增加值同比增长 (%),https://data.stats.gov.cn/dg/website/page.html#/pc/national/monthData,2026-07-31,9b71d8ca1ab44e49211726c4ad06266118ca705dd35f3b68f41b225cc66188e0
2023-09,4.5,4.0,observed,规上工业增加值同比增长 (%),https://data.stats.gov.cn/dg/website/page.html#/pc/national/monthData,2026-07-31,9b71d8ca1ab44e49211726c4ad06266118ca705dd35f3b68f41b225cc66188e0
2023-10,4.6,4.1,observed,规上工业增加值同比增长 (%),https://data.stats.gov.cn/dg/website/page.html#/pc/national/monthData,2026-07-31,9b71d8ca1ab44e49211726c4ad06266118ca705dd35f3b68f41b225cc66188e0
2023-11,6.6,4.3,observed,规上工业增加值同比增长 (%),https://data.stats.gov.cn/dg/website/page.html#/pc/national/monthData,2026-07-31,9b71d8ca1ab44e49211726c4ad06266118ca705dd35f3b68f41b225cc66188e0
2023-12,6.8,4.6,observed,规上工业增加值同比增长 (%),https://data.stats.gov.cn/dg/website/page.html#/pc/national/monthData,2026-07-31,9b71d8ca1ab44e49211726c4ad06266118ca705dd35f3b68f41b225cc66188e0
2024-01,,,official_calendar_gap_no_interpolation,规上工业增加值同比增长 (%),https://data.stats.gov.cn/dg/website/page.html#/pc/national/monthData,2026-07-31,9b71d8ca1ab44e49211726c4ad06266118ca705dd35f3b68f41b225cc66188e0
2024-02,,7.0,official_calendar_gap_no_interpolation,规上工业增加值同比增长 (%),https://data.stats.gov.cn/dg/website/page.html#/pc/national/monthData,2026-07-31,9b71d8ca1ab44e49211726c4ad06266118ca705dd35f3b68f41b225cc66188e0
2024-03,4.5,6.1,observed,规上工业增加值同比增长 (%),https://data.stats.gov.cn/dg/website/page.html#/pc/national/monthData,2026-07-31,9b71d8ca1ab44e49211726c4ad06266118ca705dd35f3b68f41b225cc66188e0
2024-04,6.7,6.3,observed,规上工业增加值同比增长 (%),https://data.stats.gov.cn/dg/website/page.html#/pc/national/monthData,2026-07-31,9b71d8ca1ab44e49211726c4ad06266118ca705dd35f3b68f41b225cc66188e0
2024-05,5.6,6.2,observed,规上工业增加值同比增长 (%),https://data.stats.gov.cn/dg/website/page.html#/pc/national/monthData,2026-07-31,9b71d8ca1ab44e49211726c4ad06266118ca705dd35f3b68f41b225cc66188e0
2024-06,5.3,6.0,observed,规上工业增加值同比增长 (%),https://data.stats.gov.cn/dg/website/page.html#/pc/national/monthData,2026-07-31,9b71d8ca1ab44e49211726c4ad06266118ca705dd35f3b68f41b225cc66188e0
2024-07,5.1,5.9,observed,规上工业增加值同比增长 (%),https://data.stats.gov.cn/dg/website/page.html#/pc/national/monthData,2026-07-31,9b71d8ca1ab44e49211726c4ad06266118ca705dd35f3b68f41b225cc66188e0
2024-08,4.5,5.8,observed,规上工业增加值同比增长 (%),https://data.stats.gov.cn/dg/website/page.html#/pc/national/monthData,2026-07-31,9b71d8ca1ab44e49211726c4ad06266118ca705dd35f3b68f41b225cc66188e0
2024-09,5.4,5.8,observed,规上工业增加值同比增长 (%),https://data.stats.gov.cn/dg/website/page.html#/pc/national/monthData,2026-07-31,9b71d8ca1ab44e49211726c4ad06266118ca705dd35f3b68f41b225cc66188e0
2024-10,5.3,5.8,observed,规上工业增加值同比增长 (%),https://data.stats.gov.cn/dg/website/page.html#/pc/national/monthData,2026-07-31,9b71d8ca1ab44e49211726c4ad06266118ca705dd35f3b68f41b225cc66188e0
2024-11,5.4,5.8,observed,规上工业增加值同比增长 (%),https://data.stats.gov.cn/dg/website/page.html#/pc/national/monthData,2026-07-31,9b71d8ca1ab44e49211726c4ad06266118ca705dd35f3b68f41b225cc66188e0
2024-12,6.2,5.8,observed,规上工业增加值同比增长 (%),https://data.stats.gov.cn/dg/website/page.html#/pc/national/monthData,2026-07-31,9b71d8ca1ab44e49211726c4ad06266118ca705dd35f3b68f41b225cc66188e0
2025-01,,,official_calendar_gap_no_interpolation,规上工业增加值同比增长 (%),https://data.stats.gov.cn/dg/website/page.html#/pc/national/monthData,2026-07-31,9b71d8ca1ab44e49211726c4ad06266118ca705dd35f3b68f41b225cc66188e0
2025-02,,5.9,official_calendar_gap_no_interpolation,规上工业增加值同比增长 (%),https://data.stats.gov.cn/dg/website/page.html#/pc/national/monthData,2026-07-31,9b71d8ca1ab44e49211726c4ad06266118ca705dd35f3b68f41b225cc66188e0
2025-03,7.7,6.5,observed,规上工业增加值同比增长 (%),https://data.stats.gov.cn/dg/website/page.html#/pc/national/monthData,2026-07-31,9b71d8ca1ab44e49211726c4ad06266118ca705dd35f3b68f41b225cc66188e0
2025-04,6.1,6.4,observed,规上工业增加值同比增长 (%),https://data.stats.gov.cn/dg/website/page.html#/pc/national/monthData,2026-07-31,9b71d8ca1ab44e49211726c4ad06266118ca705dd35f3b68f41b225cc66188e0
2025-05,5.8,6.3,observed,规上工业增加值同比增长 (%),https://data.stats.gov.cn/dg/website/page.html#/pc/national/monthData,2026-07-31,9b71d8ca1ab44e49211726c4ad06266118ca705dd35f3b68f41b225cc66188e0
2025-06,6.8,6.4,observed,规上工业增加值同比增长 (%),https://data.stats.gov.cn/dg/website/page.html#/pc/national/monthData,2026-07-31,9b71d8ca1ab44e49211726c4ad06266118ca705dd35f3b68f41b225cc66188e0
2025-07,5.7,6.3,observed,规上工业增加值同比增长 (%),https://data.stats.gov.cn/dg/website/page.html#/pc/national/monthData,2026-07-31,9b71d8ca1ab44e49211726c4ad06266118ca705dd35f3b68f41b225cc66188e0
2025-08,5.2,6.2,observed,规上工业增加值同比增长 (%),https://data.stats.gov.cn/dg/website/page.html#/pc/national/monthData,2026-07-31,9b71d8ca1ab44e49211726c4ad06266118ca705dd35f3b68f41b225cc66188e0
2025-09,6.5,6.2,observed,规上工业增加值同比增长 (%),https://data.stats.gov.cn/dg/website/page.html#/pc/national/monthData,2026-07-31,9b71d8ca1ab44e49211726c4ad06266118ca705dd35f3b68f41b225cc66188e0
2025-10,4.9,6.1,observed,规上工业增加值同比增长 (%),https://data.stats.gov.cn/dg/website/page.html#/pc/national/monthData,2026-07-31,9b71d8ca1ab44e49211726c4ad06266118ca705dd35f3b68f41b225cc66188e0
2025-11,4.8,6.0,observed,规上工业增加值同比增长 (%),https://data.stats.gov.cn/dg/website/page.html#/pc/national/monthData,2026-07-31,9b71d8ca1ab44e49211726c4ad06266118ca705dd35f3b68f41b225cc66188e0
2025-12,5.2,5.9,observed,规上工业增加值同比增长 (%),https://data.stats.gov.cn/dg/website/page.html#/pc/national/monthData,2026-07-31,9b71d8ca1ab44e49211726c4ad06266118ca705dd35f3b68f41b225cc66188e0
2026-01,,,official_calendar_gap_no_interpolation,规上工业增加值同比增长 (%),https://data.stats.gov.cn/dg/website/page.html#/pc/national/monthData,2026-07-31,9b71d8ca1ab44e49211726c4ad06266118ca705dd35f3b68f41b225cc66188e0
2026-02,,6.3,official_calendar_gap_no_interpolation,规上工业增加值同比增长 (%),https://data.stats.gov.cn/dg/website/page.html#/pc/national/monthData,2026-07-31,9b71d8ca1ab44e49211726c4ad06266118ca705dd35f3b68f41b225cc66188e0
2026-03,5.7,6.1,observed,规上工业增加值同比增长 (%),https://data.stats.gov.cn/dg/website/page.html#/pc/national/monthData,2026-07-31,9b71d8ca1ab44e49211726c4ad06266118ca705dd35f3b68f41b225cc66188e0
2026-04,4.1,5.6,observed,规上工业增加值同比增长 (%),https://data.stats.gov.cn/dg/website/page.html#/pc/national/monthData,2026-07-31,9b71d8ca1ab44e49211726c4ad06266118ca705dd35f3b68f41b225cc66188e0
2026-05,4.5,5.4,observed,规上工业增加值同比增长 (%),https://data.stats.gov.cn/dg/website/page.html#/pc/national/monthData,2026-07-31,9b71d8ca1ab44e49211726c4ad06266118ca705dd35f3b68f41b225cc66188e0
2026-06,5.3,5.4,observed,规上工业增加值同比增长 (%),https://data.stats.gov.cn/dg/website/page.html#/pc/national/monthData,2026-07-31,9b71d8ca1ab44e49211726c4ad06266118ca705dd35f3b68f41b225cc66188e0
