date,period,actual,prediction,response,lower_80,upper_80,lower_95,upper_95,actual_log,counterfactual_log,war_premium_usd_bbl,war_stage,model,horizon,specification,sample_start,sample_end
2026-03-02,2026-03,77.24,71.58543634915046,5.654563650849539,69.91187015844427,73.29906474657957,69.04183434211227,74.22274836884776,4.346917457560314,4.270891650332589,5.654563650849539,E2_disruption,AR3_plus_USD_counterfactual,1,trained 2024-01-01 to 2026-02-27,2024-01-01,2026-02-27
2026-03-03,2026-03,83.28,71.68223663443098,11.597763365569023,69.32378418532139,74.12092558563111,68.10687004322745,75.445297158029,4.422208424306714,4.272242971227177,11.597763365569023,E2_disruption,AR3_plus_USD_counterfactual,2,trained 2024-01-01 to 2026-02-27,2024-01-01,2026-02-27
2026-03-04,2026-03,81.56,71.64696428657687,9.913035713423128,68.77064935905557,74.64358035476485,67.29506183556282,76.2802997941415,4.401338945706255,4.271750784731481,9.913035713423128,E2_disruption,AR3_plus_USD_counterfactual,3,trained 2024-01-01 to 2026-02-27,2024-01-01,2026-02-27
2026-03-05,2026-03,88.59,71.7456303151722,16.844369684827797,68.43022088169445,75.22166965119838,66.73762467504598,77.12943777044626,4.484018984423941,4.273126951254456,16.844369684827797,E2_disruption,AR3_plus_USD_counterfactual,4,trained 2024-01-01 to 2026-02-27,2024-01-01,2026-02-27
2026-03-06,2026-03,95.74,71.72710168632628,24.012898313673716,68.03156535660754,75.62338290105073,66.15297629151645,77.77090925809733,4.561636183964363,4.272868663443379,24.012898313673716,E2_disruption,AR3_plus_USD_counterfactual,5,trained 2024-01-01 to 2026-02-27,2024-01-01,2026-02-27
2026-03-09,2026-03,94.35,71.74269609037579,22.607303909624207,67.70367319967156,76.02267645267126,65.65842197733102,78.39077284088641,4.547011271814559,4.273086052808285,22.607303909624207,E2_disruption,AR3_plus_USD_counterfactual,6,trained 2024-01-01 to 2026-02-27,2024-01-01,2026-02-27
2026-03-10,2026-03,89.84,71.57183215350025,18.26816784649975,67.22956934578674,76.19455557511824,65.03859497566457,78.76134408693031,4.498030310430188,4.270701590884914,18.26816784649975,E2_disruption,AR3_plus_USD_counterfactual,7,trained 2024-01-01 to 2026-02-27,2024-01-01,2026-02-27
2026-03-11,2026-03,90.98,71.69082731406321,19.28917268593679,67.0509630245458,76.65176589772997,64.71759066629576,79.41542118704783,4.510639702141858,4.2723628079580935,19.28917268593679,E2_disruption,AR3_plus_USD_counterfactual,8,trained 2024-01-01 to 2026-02-27,2024-01-01,2026-02-27
2026-03-12,2026-03,102.38,71.79762850152788,30.582371498472114,66.87885501323014,77.07816554909104,64.41292697217183,80.02895848329433,4.628691381029437,4.2738514462820705,30.582371498472114,E2_disruption,AR3_plus_USD_counterfactual,9,trained 2024-01-01 to 2026-02-27,2024-01-01,2026-02-27
2026-03-13,2026-03,103.23,71.97419049115881,31.255809508841196,66.78644354627758,77.56490421994245,64.19333803128713,80.6981574058791,4.636959508477498,4.276307589351403,31.255809508841196,E2_disruption,AR3_plus_USD_counterfactual,10,trained 2024-01-01 to 2026-02-27,2024-01-01,2026-02-27
2026-03-16,2026-03,101.04,71.88668481314377,29.153315186856233,66.46213057571745,77.75398424125062,63.758261896909424,81.05138533700794,4.6155164780422355,4.275091057217535,29.153315186856233,E2_disruption,AR3_plus_USD_counterfactual,11,trained 2024-01-01 to 2026-02-27,2024-01-01,2026-02-27
2026-03-17,2026-03,108.39,71.83677464977032,36.55322535022968,66.18468215276978,77.97154906886442,63.3749500876367,81.42842219119329,4.685735833827659,4.274396526685551,36.55322535022968,E2_disruption,AR3_plus_USD_counterfactual,12,trained 2024-01-01 to 2026-02-27,2024-01-01,2026-02-27
2026-03-18,2026-03,118.09,71.84246947678285,46.24753052321715,65.96881687581843,78.23909333160132,63.05645483210973,81.8526895345567,4.77144704561319,4.27447579807997,46.24753052321715,E2_disruption,AR3_plus_USD_counterfactual,13,trained 2024-01-01 to 2026-02-27,2024-01-01,2026-02-27
2026-03-19,2026-03,111.05,71.899987199067,39.150012800933,65.80940058250475,78.55425081322386,62.79695182419297,82.32259702188874,4.709980550340436,4.275276086688974,39.150012800933,E2_disruption,AR3_plus_USD_counterfactual,14,trained 2024-01-01 to 2026-02-27,2024-01-01,2026-02-27
2026-03-20,2026-03,118.42,71.92748906201948,46.492510937980526,65.63036366216684,78.82881328218625,62.52320179241775,82.74630112423856,4.77423762710363,4.275658515192937,46.492510937980526,E2_disruption,AR3_plus_USD_counterfactual,15,trained 2024-01-01 to 2026-02-27,2024-01-01,2026-02-27
2026-03-23,2026-03,103.79,71.86298962110573,31.92701037889428,65.37478197165802,78.99512811411022,62.18073627910918,83.0528807845299,4.642369626977198,4.274761384230853,31.92701037889428,E2_disruption,AR3_plus_USD_counterfactual,16,trained 2024-01-01 to 2026-02-27,2024-01-01,2026-02-27
2026-03-24,2026-03,108.42,71.90293816710408,36.51706183289592,65.22090982963579,79.26955527862287,61.9388214607157,83.46998530382842,4.686012573832192,4.275317128524945,36.51706183289592,E2_disruption,AR3_plus_USD_counterfactual,17,trained 2024-01-01 to 2026-02-27,2024-01-01,2026-02-27
2026-03-25,2026-03,109.14,71.90065523910854,37.239344760891456,65.03467729993547,79.49150266358401,61.669577221456315,83.82908488651813,4.6926314617580855,4.275285377885873,37.239344760891456,E2_disruption,AR3_plus_USD_counterfactual,18,trained 2024-01-01 to 2026-02-27,2024-01-01,2026-02-27
2026-03-26,2026-03,113.39,71.96429827311164,41.42570172688836,64.91347030291408,79.78097922934326,61.465090704612706,84.25693619862707,4.730833203983749,4.276170138720267,41.42570172688836,E2_disruption,AR3_plus_USD_counterfactual,19,trained 2024-01-01 to 2026-02-27,2024-01-01,2026-02-27
2026-03-27,2026-03,121.47,72.07069497642388,49.39930502357612,64.83553112137473,80.11324939501162,61.304297732536554,84.72791087251908,4.79966731871218,4.277647511964975,49.39930502357612,E2_disruption,AR3_plus_USD_counterfactual,20,trained 2024-01-01 to 2026-02-27,2024-01-01,2026-02-27
2026-03-30,2026-03,121.88,72.16462640590392,49.71537359409608,64.75064508726446,80.42751230177277,61.13941951338384,85.17799720299398,4.803036954117508,4.278949986863064,49.71537359409608,E2_disruption,AR3_plus_USD_counterfactual,21,trained 2024-01-01 to 2026-02-27,2024-01-01,2026-02-27
2026-03-31,2026-03,126.69,72.12104764440447,54.56895235559553,64.54666915675797,80.58425913030823,60.86456868183311,85.45933415739441,4.841743157613962,4.278345924635661,54.56895235559553,E2_disruption,AR3_plus_USD_counterfactual,22,trained 2024-01-01 to 2026-02-27,2024-01-01,2026-02-27
2026-04-01,2026-04,119.56,71.9302117556361,47.62978824436391,64.21553899510643,80.57170342531786,60.47244537588365,85.5588910130963,4.783818337415737,4.27569636778757,47.62978824436391,E2_disruption,AR3_plus_USD_counterfactual,23,trained 2024-01-01 to 2026-02-27,2024-01-01,2026-02-27
2026-04-02,2026-04,127.61,71.99996746659222,55.610032533407775,64.12116088519873,80.84687244623754,60.30562112037166,85.96205824400585,4.848978737745885,4.276665667163067,55.610032533407775,E2_disruption,AR3_plus_USD_counterfactual,24,trained 2024-01-01 to 2026-02-27,2024-01-01,2026-02-27
2026-04-07,2026-04,138.21,71.97119075640609,66.23880924359392,63.94254299630537,81.00791829931266,60.06160210878288,86.2423264952757,4.928774267615935,4.276265910560085,66.23880924359392,E2_disruption,AR3_plus_USD_counterfactual,25,trained 2024-01-01 to 2026-02-27,2024-01-01,2026-02-27
2026-04-08,2026-04,122.11,71.72155761509426,50.388442384905744,63.571670902069336,80.91625961286229,59.639240964815116,86.25163136750918,4.8049222778449305,4.272791366502972,50.388442384905744,E2_disruption,AR3_plus_USD_counterfactual,26,trained 2024-01-01 to 2026-02-27,2024-01-01,2026-02-27
2026-04-09,2026-04,119.03,71.67728156574536,47.35271843425464,63.38660911621973,81.05233525325923,59.393337978998375,86.50183450662124,4.779375562179788,4.272173843362494,47.35271843425464,E2_disruption,AR3_plus_USD_counterfactual,27,trained 2024-01-01 to 2026-02-27,2024-01-01,2026-02-27
2026-04-10,2026-04,119.07,71.65425673758166,47.41574326241833,63.223478185535456,81.20926997322209,59.169789904730536,86.77287035972363,4.779711555463083,4.271852562664131,47.41574326241833,E2_disruption,AR3_plus_USD_counterfactual,28,trained 2024-01-01 to 2026-02-27,2024-01-01,2026-02-27
2026-04-13,2026-04,123.28,71.69587319784155,51.58412680215845,63.12018818426652,81.43667472275149,59.00387533010371,87.11797665565197,4.814458191011861,4.272433189433675,51.58412680215845,E2_disruption,AR3_plus_USD_counterfactual,29,trained 2024-01-01 to 2026-02-27,2024-01-01,2026-02-27
2026-04-14,2026-04,118.69,71.56592297458722,47.124077025412774,62.86871638216996,81.46629398428595,58.70108971069636,87.25019171613934,4.776515052068413,4.270619024563945,47.124077025412774,E2_disruption,AR3_plus_USD_counterfactual,30,trained 2024-01-01 to 2026-02-27,2024-01-01,2026-02-27
2026-04-15,2026-04,114.93,71.56962686698239,43.36037313301762,62.737454842904,81.64519110163491,58.5121507864911,87.54098800042179,4.744323247380668,4.270670778197477,43.36037313301762,E2_disruption,AR3_plus_USD_counterfactual,31,trained 2024-01-01 to 2026-02-27,2024-01-01,2026-02-27
2026-04-16,2026-04,116.63,71.56132110074263,45.068678899257364,62.59810767458969,81.80794704377873,58.31709027430743,87.81341204775,4.759006530702958,4.270554719911453,45.068678899257364,E2_disruption,AR3_plus_USD_counterfactual,32,trained 2024-01-01 to 2026-02-27,2024-01-01,2026-02-27
2026-04-17,2026-04,98.63,71.51091611053624,27.119083889463752,62.42436054271596,81.92012026248719,58.09138534160662,88.03045568454539,4.591375474965902,4.269850110921277,27.119083889463752,E2_disruption,AR3_plus_USD_counterfactual,33,trained 2024-01-01 to 2026-02-27,2024-01-01,2026-02-27
2026-04-20,2026-04,103.4,71.5449406428717,31.85505935712831,62.32655836983573,82.12676370189773,57.93765867773193,88.34803905459464,4.638604962074329,4.270325792710883,31.85505935712831,E2_disruption,AR3_plus_USD_counterfactual,34,trained 2024-01-01 to 2026-02-27,2024-01-01,2026-02-27
2026-04-21,2026-04,106.14,71.58732043281516,34.55267956718484,62.23801628831632,82.34106342673716,57.79370813311473,88.67305131117153,4.664758977399749,4.270917969357342,34.55267956718484,E2_disruption,AR3_plus_USD_counterfactual,35,trained 2024-01-01 to 2026-02-27,2024-01-01,2026-02-27
2026-04-22,2026-04,113.44,71.63175137213625,41.80824862786375,62.15313351366267,82.55589886729702,57.654264874449595,88.99788794139106,4.731274062783817,4.271538430587631,41.80824862786375,E2_disruption,AR3_plus_USD_counterfactual,36,trained 2024-01-01 to 2026-02-27,2024-01-01,2026-02-27
2026-04-23,2026-04,113.25,71.66103100161446,41.58896899838554,62.05692177102293,82.75150003673313,57.50538656819127,89.30125803301544,4.7295977643631435,4.2719470991807125,41.58896899838554,E2_disruption,AR3_plus_USD_counterfactual,37,trained 2024-01-01 to 2026-02-27,2024-01-01,2026-02-27
2026-04-24,2026-04,111.86,71.66802673471891,40.19197326528109,61.943217041470085,82.91958831601694,57.3413594753375,89.57419396827359,4.717248089393442,4.272044716973231,40.19197326528109,E2_disruption,AR3_plus_USD_counterfactual,38,trained 2024-01-01 to 2026-02-27,2024-01-01,2026-02-27
2026-04-27,2026-04,113.89,71.63125882230979,42.25874117769021,61.79352822038531,83.03518812146473,57.14509475431431,89.78963570764493,4.7352330702862595,4.271531554425727,42.25874117769021,E2_disruption,AR3_plus_USD_counterfactual,39,trained 2024-01-01 to 2026-02-27,2024-01-01,2026-02-27
2026-04-28,2026-04,117.62,71.67966767181073,45.94033232818927,61.719022624003976,83.24783088096002,57.019358120953136,90.10930545100535,4.76745908903181,4.272207132380966,45.94033232818927,E2_disruption,AR3_plus_USD_counterfactual,40,trained 2024-01-01 to 2026-02-27,2024-01-01,2026-02-27
2026-04-29,2026-04,124.16,71.75003194334103,52.40996805665897,61.664889509571346,83.4845748498649,56.91332213902131,90.45451733243321,4.821571056434909,4.273188299842991,52.40996805665897,E2_disruption,AR3_plus_USD_counterfactual,41,trained 2024-01-01 to 2026-02-27,2024-01-01,2026-02-27
2026-04-30,2026-04,124.24,71.66928664683839,52.57071335316161,61.482501359040704,83.54387890744772,56.68985975296366,90.60679759748672,4.822215178840431,4.272062296654192,52.57071335316161,E2_disruption,AR3_plus_USD_counterfactual,42,trained 2024-01-01 to 2026-02-27,2024-01-01,2026-02-27
2026-05-01,2026-05,118.26,71.61225075475566,46.64774924524434,61.322209591273165,83.6289900892909,56.487781815133715,90.78626020305278,4.772885590392684,4.271266159257432,46.64774924524434,E2_disruption,AR3_plus_USD_counterfactual,43,trained 2024-01-01 to 2026-02-27,2024-01-01,2026-02-27
2026-05-05,2026-05,114.51,71.56032501957061,42.94967498042939,61.16794800810054,83.7183571407107,56.29221419294469,90.96959837739698,4.740662155425248,4.2705408005470655,42.94967498042939,E2_disruption,AR3_plus_USD_counterfactual,44,trained 2024-01-01 to 2026-02-27,2024-01-01,2026-02-27
2026-05-06,2026-05,103.7,71.45089905128316,32.249100948716844,60.96621623768864,83.73868824879868,56.053923370789434,91.07713908741437,4.641502115235482,4.269010487239793,32.249100948716844,E2_disruption,AR3_plus_USD_counterfactual,45,trained 2024-01-01 to 2026-02-27,2024-01-01,2026-02-27
2026-05-07,2026-05,101.82,71.43154543427698,30.38845456572301,60.84291843766778,83.86293449017472,55.88865641317882,91.2969824396421,4.62320654847419,4.268739584579999,30.38845456572301,E2_disruption,AR3_plus_USD_counterfactual,46,trained 2024-01-01 to 2026-02-27,2024-01-01,2026-02-27
2026-05-08,2026-05,103.48,71.43507476560823,32.04492523439177,60.74047385223968,84.01267858367024,55.743344756089584,91.54402070949597,4.639378357317828,4.268788991940893,32.04492523439177,E2_disruption,AR3_plus_USD_counterfactual,47,trained 2024-01-01 to 2026-02-27,2024-01-01,2026-02-27
2026-05-11,2026-05,106.11,71.44610226999323,34.66389773000677,60.645679433884986,84.16997842590305,55.60580744995341,91.79878440158518,4.6644762918854985,4.2689433510333314,34.66389773000677,E2_disruption,AR3_plus_USD_counterfactual,48,trained 2024-01-01 to 2026-02-27,2024-01-01,2026-02-27
2026-05-12,2026-05,111.37,71.54982804997414,39.820171950025866,60.6306601514301,84.43546352942217,55.54207603481033,92.17116570818054,4.712857991405009,4.2703941027846755,39.820171950025866,E2_disruption,AR3_plus_USD_counterfactual,49,trained 2024-01-01 to 2026-02-27,2024-01-01,2026-02-27
2026-05-13,2026-05,110.28,71.5453100545107,38.73468994548931,60.52499178954248,84.5721947157783,55.39595345234462,92.40262278723212,4.703022586155596,4.270330956048528,38.73468994548931,E2_disruption,AR3_plus_USD_counterfactual,50,trained 2024-01-01 to 2026-02-27,2024-01-01,2026-02-27
2026-05-14,2026-05,110.91,71.59564476317692,39.314355236823076,60.46684456770396,84.77267808006052,55.293991966488385,92.70331489471154,4.70871906161665,4.271034244786612,39.314355236823076,E2_disruption,AR3_plus_USD_counterfactual,51,trained 2024-01-01 to 2026-02-27,2024-01-01,2026-02-27
2026-05-15,2026-05,113.96,71.72368796177436,42.236312038225634,60.47522581524527,85.06437711458942,55.253425587739365,93.1035019117346,4.735847509629708,4.272821069079334,42.236312038225634,E2_disruption,AR3_plus_USD_counterfactual,52,trained 2024-01-01 to 2026-02-27,2024-01-01,2026-02-27
2026-05-18,2026-05,116.73,71.68587994366877,45.04412005633124,60.34475691808836,85.15844036414894,55.08659754732804,93.28703554222965,4.759863575664572,4.2722937957664895,45.04412005633124,E2_disruption,AR3_plus_USD_counterfactual,53,trained 2024-01-01 to 2026-02-27,2024-01-01,2026-02-27
2026-05-19,2026-05,114.64,71.77642604753277,42.863573952467235,60.323348960600754,85.40400068838674,55.01993484648911,93.63615843114157,4.741796783519916,4.273556094113939,42.863573952467235,E2_disruption,AR3_plus_USD_counterfactual,54,trained 2024-01-01 to 2026-02-27,2024-01-01,2026-02-27
2026-05-20,2026-05,108.93,71.71100080482518,37.21899919517483,60.17187769160695,85.46297429483295,54.83525146671512,93.78032376766072,4.690705474094354,4.2726441640769055,37.21899919517483,E2_disruption,AR3_plus_USD_counterfactual,55,trained 2024-01-01 to 2026-02-27,2024-01-01,2026-02-27
2026-05-21,2026-05,105.84,71.76349786490456,34.07650213509544,60.1203974234607,85.6614368253741,54.74230747311997,94.07713820494247,4.6619285198067,4.273375960499391,34.07650213509544,E2_disruption,AR3_plus_USD_counterfactual,56,trained 2024-01-01 to 2026-02-27,2024-01-01,2026-02-27
2026-05-22,2026-05,106.9,71.74091903304672,35.15908096695328,60.006980380332685,85.76934601750128,54.59354001656434,94.27414785970237,4.671893818030999,4.273061282630483,35.15908096695328,E2_disruption,AR3_plus_USD_counterfactual,57,trained 2024-01-01 to 2026-02-27,2024-01-01,2026-02-27
2026-05-26,2026-05,102.75,71.74990602852384,31.00009397147616,59.92095632434516,85.91399955695319,54.47027967661703,94.51115444358463,4.632298853376344,4.273186544931888,31.00009397147616,E2_disruption,AR3_plus_USD_counterfactual,58,trained 2024-01-01 to 2026-02-27,2024-01-01,2026-02-27
2026-05-27,2026-05,97.11,71.75120387243498,25.358796127565014,59.82944428555072,86.04852207171623,54.34258616129659,94.73666273193228,4.575844356606263,4.273204633208865,25.358796127565014,E2_disruption,AR3_plus_USD_counterfactual,59,trained 2024-01-01 to 2026-02-27,2024-01-01,2026-02-27
2026-05-28,2026-05,95.47,71.7236136246806,23.746386375319403,59.71480032944098,86.14743284750136,54.194446241219495,94.9225817067176,4.558812062009942,4.27282003264166,23.746386375319403,E2_disruption,AR3_plus_USD_counterfactual,60,trained 2024-01-01 to 2026-02-27,2024-01-01,2026-02-27
2026-05-29,2026-05,92.88,71.69240564765893,21.187594352341065,59.59811828876776,86.24099510398734,54.04502686457234,95.10220136309573,4.531308337389636,4.272384823553128,21.187594352341065,E2_disruption,AR3_plus_USD_counterfactual,61,trained 2024-01-01 to 2026-02-27,2024-01-01,2026-02-27
2026-06-01,2026-06,98.29,71.7530978057032,26.5369021942968,59.55867313301708,86.44428718578475,53.96615145039878,95.40252373651091,4.587922292578538,4.2732310287000965,26.5369021942968,E2_disruption,AR3_plus_USD_counterfactual,62,trained 2024-01-01 to 2026-02-27,2024-01-01,2026-02-27
2026-06-02,2026-06,98.49,71.72945778073557,26.760542219264423,59.450037303343606,86.54519571224819,53.82506903909544,95.5895683065675,4.589955020181611,4.272901510939768,26.760542219264423,E2_disruption,AR3_plus_USD_counterfactual,63,trained 2024-01-01 to 2026-02-27,2024-01-01,2026-02-27
2026-06-03,2026-06,101.69,71.81105144254141,29.878948557458585,59.429384359376684,86.77234611920882,53.764107993541664,95.91579404428667,4.621928969803046,4.274038384022294,29.878948557458585,E2_disruption,AR3_plus_USD_counterfactual,64,trained 2024-01-01 to 2026-02-27,2024-01-01,2026-02-27
2026-06-04,2026-06,98.98,71.80618382545471,27.173816174545294,59.337899858254424,86.89434657936805,53.639508512116294,96.12556450643666,4.59491780952374,4.273970598048285,27.173816174545294,E2_disruption,AR3_plus_USD_counterfactual,65,trained 2024-01-01 to 2026-02-27,2024-01-01,2026-02-27
2026-06-05,2026-06,97.29,71.96790937436676,25.32209062563325,59.38468979160651,87.21742923795024,53.64028918574597,96.55764460519352,4.577696208987336,4.2762203165270956,25.32209062563325,E2_disruption,AR3_plus_USD_counterfactual,66,trained 2024-01-01 to 2026-02-27,2024-01-01,2026-02-27
2026-06-08,2026-06,97.46,71.96003696485454,25.499963035145456,59.29213027847976,87.33447247825892,53.515576510596446,96.76148997400611,4.57944203741536,4.276110922768339,25.499963035145456,E2_disruption,AR3_plus_USD_counterfactual,67,trained 2024-01-01 to 2026-02-27,2024-01-01,2026-02-27
2026-06-09,2026-06,94.15,71.95808398196104,22.191916018038967,59.20522312008582,87.45792309324636,53.396426274552745,96.97214236269278,4.544889255103161,4.27608378257389,22.191916018038967,E2_disruption,AR3_plus_USD_counterfactual,68,trained 2024-01-01 to 2026-02-27,2024-01-01,2026-02-27
2026-06-10,2026-06,95.73,71.94101466913033,23.78898533086968,59.1066473013263,87.56222570431414,53.26720814472085,97.16126997988636,4.561531728958262,4.275846542548472,23.78898533086968,E2_disruption,AR3_plus_USD_counterfactual,69,trained 2024-01-01 to 2026-02-27,2024-01-01,2026-02-27
2026-06-11,2026-06,92.84,71.98649377547342,20.853506224526583,59.06015804205584,87.74198136070362,53.185350618334766,97.43388406468164,4.530877581406236,4.276478514967758,20.853506224526583,E2_disruption,AR3_plus_USD_counterfactual,70,trained 2024-01-01 to 2026-02-27,2024-01-01,2026-02-27
2026-06-12,2026-06,88.64,71.8604184045995,16.7795815954005,58.87372678945743,87.71178613766318,52.97794207197927,97.4730148307397,4.484583222998974,4.274725604164936,16.7795815954005,E2_disruption,AR3_plus_USD_counterfactual,71,trained 2024-01-01 to 2026-02-27,2024-01-01,2026-02-27
2026-06-15,2026-06,84.36,71.82270649939478,12.537293500605216,58.760576709237895,87.78847073648998,52.83698313913913,97.63050163772571,4.435093355610574,4.274200672568468,12.537293500605216,E2_disruption,AR3_plus_USD_counterfactual,72,trained 2024-01-01 to 2026-02-27,2024-01-01,2026-02-27
2026-06-16,2026-06,80.5,71.80072751983572,8.699272480164282,58.661049453129856,87.88360454575249,52.708714430317556,97.80819980334003,4.388257184424518,4.273894608591085,8.699272480164282,E2_disruption,AR3_plus_USD_counterfactual,73,trained 2024-01-01 to 2026-02-27,2024-01-01,2026-02-27
2026-06-17,2026-06,80.33,71.8348899136365,8.495110086363496,58.60804475517868,88.04681047559275,52.622641090392854,98.06142949078183,4.386143150185721,4.274370289972283,8.495110086363496,E3_easing,AR3_plus_USD_counterfactual,74,trained 2024-01-01 to 2026-02-27,2024-01-01,2026-02-27
2026-06-18,2026-06,79.35,72.05225711112028,7.297742888879711,58.70488564514351,88.43433894392507,52.67136862689744,98.56451218463019,4.373868446972418,4.2773916489655415,7.297742888879711,E3_easing,AR3_plus_USD_counterfactual,75,trained 2024-01-01 to 2026-02-27,2024-01-01,2026-02-27
2026-06-19,2026-06,80.46,72.06466037460339,8.395339625396602,58.63511875015774,88.57004787583827,52.570875305507336,98.78692802291766,4.387760166521642,4.277563776759143,8.395339625396602,E3_easing,AR3_plus_USD_counterfactual,76,trained 2024-01-01 to 2026-02-27,2024-01-01,2026-02-27
2026-06-22,2026-06,76.49,72.08010520815589,4.40989479184411,58.56842724530568,88.70891384974401,52.473502732179966,99.01266918155622,4.337160013333775,4.277778072901624,4.40989479184411,E3_easing,AR3_plus_USD_counterfactual,77,trained 2024-01-01 to 2026-02-27,2024-01-01,2026-02-27
2026-06-23,2026-06,75.69,72.1790185928145,3.510981407185497,58.57005199912007,88.9500785333114,52.437648706448336,99.35248535240294,4.326646051321076,4.279149402458512,3.510981407185497,E3_easing,AR3_plus_USD_counterfactual,78,trained 2024-01-01 to 2026-02-27,2024-01-01,2026-02-27
2026-06-24,2026-06,72.09,72.25969174674265,-0.1696917467426431,58.557288283638435,89.16845715332079,52.38918443277932,99.66681306203455,4.277915338416487,4.280266459819759,-0.1696917467426431,E3_easing,AR3_plus_USD_counterfactual,79,trained 2024-01-01 to 2026-02-27,2024-01-01,2026-02-27
2026-06-25,2026-06,73.74,72.19561825701642,1.5443817429835747,58.42780426056634,89.20765312809517,52.23664352201322,99.78067012127893,4.300545392805998,4.27937935509614,1.5443817429835747,E3_easing,AR3_plus_USD_counterfactual,80,trained 2024-01-01 to 2026-02-27,2024-01-01,2026-02-27
2026-06-26,2026-06,70.16,72.16067366212758,-2.000673662127582,58.322585422207645,89.28209861885388,52.10619770648173,99.93365573716252,4.250778348063927,4.278895211383291,-2.000673662127582,E3_easing,AR3_plus_USD_counterfactual,81,trained 2024-01-01 to 2026-02-27,2024-01-01,2026-02-27
2026-06-29,2026-06,71.59,72.16746227322925,-0.5774622732292443,58.25170068998462,89.40756320018342,52.006784990313385,100.14352188715414,4.270955399408094,4.278989283284971,-0.5774622732292443,E3_easing,AR3_plus_USD_counterfactual,82,trained 2024-01-01 to 2026-02-27,2024-01-01,2026-02-27
2026-06-30,2026-06,70.46,72.16565171147556,-1.7056517114755678,58.174433010875894,89.52182285933694,51.902009211034205,100.34064896730082,4.255045172913092,4.278964194631317,-1.7056517114755678,E3_easing,AR3_plus_USD_counterfactual,83,trained 2024-01-01 to 2026-02-27,2024-01-01,2026-02-27
