shock,outcome,extremum_type,extremum_response,extremum_month,extremum_lower_95,extremum_upper_95,extremum_joint_lower_95,extremum_joint_upper_95,cumulative_response_0_6,cumulative_response_0_12,recovery_month,evidence_status,allows_growth_loss_language,inference_source,sample_start,sample_end
OilShock,brent_cny_cost_log_change_pct,peak_abs,10.187500860168683,0.0,9.443050566509132,10.569170693982388,9.163557589487452,11.211444130849914,6.907550671718324,2.78409805292784,1.0,INCONCLUSIVE,False,moving_block_bootstrap_sup_t_95,2010-04,2025-06
OilShock,china_cpi_yoy_pct,peak_abs,0.16124602011776457,7.0,-0.11080050921305513,0.3144235403762529,-0.14748509830697193,0.46997713854250106,0.7362211832252199,1.4747185187405483,7.0,INCONCLUSIVE,False,moving_block_bootstrap_sup_t_95,2010-04,2025-06
OilShock,china_fx_log_change_pct,peak_abs,0.6635886258161534,10.0,-0.5546714213783653,1.1733990795906837,-0.7349322716343947,2.0621095232667015,1.3484678327118769,4.835687890606131,10.0,INCONCLUSIVE,False,moving_block_bootstrap_sup_t_95,2010-04,2025-06
OilShock,china_iav_yoy_pct,trough,-0.33412772662845613,6.0,-0.7775518377821375,0.3114382610810392,-1.114183015435774,0.44592756217886165,-0.16167228540060224,-0.21623865697642314,6.0,INCONCLUSIVE,False,moving_block_bootstrap_sup_t_95,2010-04,2025-06
OilShock,china_ppi_yoy_pct,peak_abs,0.43773712426294376,2.0,0.08198065482691456,0.7855042936498211,-0.030468626494660755,0.9059428750205483,1.9022179659017675,1.9268312596054649,3.0,INCONCLUSIVE,False,moving_block_bootstrap_sup_t_95,2010-04,2025-06
aggregate_demand_shock,brent_cny_cost_log_change_pct,peak_abs,3.1229214480111835,1.0,0.8757120207327361,6.031361427368806,-0.8528227705865219,7.098665666608889,5.293727814890345,3.4078163387700826,2.0,INCONCLUSIVE,False,moving_block_bootstrap_sup_t_95,2010-09,2025-06
aggregate_demand_shock,china_cpi_yoy_pct,peak_abs,0.1259179659625228,9.0,-0.08520560933804348,0.2617123970043168,-0.1245115718031119,0.3763475037281575,0.49121060916262654,1.0984241090485678,9.0,INCONCLUSIVE,False,moving_block_bootstrap_sup_t_95,2010-09,2025-06
aggregate_demand_shock,china_fx_log_change_pct,peak_abs,-0.3488469886080797,6.0,-0.7261738717807973,0.25118298130678446,-1.0535890350428634,0.35589505782670405,-1.2489770752795604,-2.652164008467903,6.0,INCONCLUSIVE,False,moving_block_bootstrap_sup_t_95,2010-09,2025-06
aggregate_demand_shock,china_iav_yoy_pct,trough,-0.5197205990840648,6.0,-1.4864056395907836,-0.0981793613756211,-1.4961520746411654,0.4567108764730359,-0.703300637896761,-0.5867595714430605,12.0,INCONCLUSIVE,False,moving_block_bootstrap_sup_t_95,2010-09,2025-06
aggregate_demand_shock,china_ppi_yoy_pct,peak_abs,0.46006486191550366,10.0,-0.41677471005502326,1.0229184270299239,-0.488595112723753,1.4087248365547604,1.6330322775692325,3.76468669115689,10.0,INCONCLUSIVE,False,moving_block_bootstrap_sup_t_95,2010-09,2025-06
oil_specific_risk_shock,brent_cny_cost_log_change_pct,peak_abs,8.832145529829049,0.0,7.617648062602607,9.945323452792435,6.888275519918157,10.77601553973994,7.440093189968794,4.938521054407646,2.0,INCONCLUSIVE,False,moving_block_bootstrap_sup_t_95,2010-09,2025-06
oil_specific_risk_shock,china_cpi_yoy_pct,peak_abs,0.24671682359547348,7.0,-0.062499488984988125,0.3777003215690062,-0.09576765359149697,0.5892013007824439,0.8767144565834332,2.1551750626037083,7.0,INCONCLUSIVE,False,moving_block_bootstrap_sup_t_95,2010-09,2025-06
oil_specific_risk_shock,china_fx_log_change_pct,peak_abs,0.7710222576035243,12.0,-0.3137089600376797,1.3356641004470966,-0.4875208309686053,2.0295653461756538,1.6122040302531484,5.845823428960635,12.0,INCONCLUSIVE,False,moving_block_bootstrap_sup_t_95,2010-09,2025-06
oil_specific_risk_shock,china_iav_yoy_pct,trough,-0.4272242268576635,12.0,-0.723208538778312,0.07288562556510172,-0.9656601111327047,0.11121165741737771,0.08704273450302663,-0.34018149235463685,12.0,INCONCLUSIVE,False,moving_block_bootstrap_sup_t_95,2010-09,2025-06
oil_specific_risk_shock,china_ppi_yoy_pct,peak_abs,0.7621812939913641,10.0,0.14081435633722658,1.5537352058079923,-0.1593103720054171,1.6836729599881455,3.6545206159555317,7.400609372904436,12.0,INCONCLUSIVE,False,moving_block_bootstrap_sup_t_95,2010-09,2025-06
supply_shock,brent_cny_cost_log_change_pct,peak_abs,3.9587685957928582,0.0,-1.2262174738525065,7.529085868296632,-5.085884843329904,13.00342203491562,4.4242932808031235,4.747077158018272,0.0,INCONCLUSIVE,False,moving_block_bootstrap_sup_t_95,2010-09,2025-06
supply_shock,china_cpi_yoy_pct,peak_abs,0.08611844319336848,4.0,-0.06168296133979862,0.3491230894457135,-0.24401556698171695,0.4162524533684539,0.1289772047083313,0.10410746867052031,4.0,INCONCLUSIVE,False,moving_block_bootstrap_sup_t_95,2010-09,2025-06
supply_shock,china_fx_log_change_pct,peak_abs,-0.8433181513203218,12.0,-1.620893166883828,0.08899562070926334,-2.0710871435562628,0.3844508409156191,-0.3451346358656152,-3.179937763877313,12.0,INCONCLUSIVE,False,moving_block_bootstrap_sup_t_95,2010-09,2025-06
supply_shock,china_iav_yoy_pct,trough,-0.3242101991811985,0.0,-1.1889777254499894,-0.1109993402097333,-1.1666620137612915,0.5182416153988947,0.04305476606194231,0.6292196507432204,3.0,INCONCLUSIVE,False,moving_block_bootstrap_sup_t_95,2010-09,2025-06
supply_shock,china_ppi_yoy_pct,peak_abs,0.7051414768592722,9.0,-0.05184329373245635,1.9608937450146269,-0.7053314901372197,2.115614443855764,1.7038138934506004,5.5527409872119495,9.0,INCONCLUSIVE,False,moving_block_bootstrap_sup_t_95,2010-09,2025-06
oil_specific_risk_shock_sum,china_real_gdp_yoy_pct,quarterly_validation,0.7481819923256827,,0.009472316881997789,1.4868916677693678,0.009472316881997789,1.4868916677693678,,,,SUPPORTED,False,quarterly_HAC_validation,2010-Q2,2026-Q2
