outcome,outcome_label,row_term,column_term,covariance,model,sample_start,sample_end,n
china_ppi_yoy_pct,PPI,const,const,0.07667026118049917,China_fuel_to_macro_ARDL,2013-10,2026-06,153
china_ppi_yoy_pct,PPI,const,fuel_log_return_lag0,0.3858196906326665,China_fuel_to_macro_ARDL,2013-10,2026-06,153
china_ppi_yoy_pct,PPI,const,fuel_log_return_lag1,0.01710192505871916,China_fuel_to_macro_ARDL,2013-10,2026-06,153
china_ppi_yoy_pct,PPI,const,fuel_log_return_lag2,0.20361300173643138,China_fuel_to_macro_ARDL,2013-10,2026-06,153
china_ppi_yoy_pct,PPI,const,fuel_log_return_lag3,0.17571724296482125,China_fuel_to_macro_ARDL,2013-10,2026-06,153
china_ppi_yoy_pct,PPI,const,fuel_log_return_lag4,0.0824887497953162,China_fuel_to_macro_ARDL,2013-10,2026-06,153
china_ppi_yoy_pct,PPI,const,fuel_log_return_lag5,0.15222271892737316,China_fuel_to_macro_ARDL,2013-10,2026-06,153
china_ppi_yoy_pct,PPI,const,fuel_log_return_lag6,-0.058791222394486704,China_fuel_to_macro_ARDL,2013-10,2026-06,153
china_ppi_yoy_pct,PPI,const,china_ppi_yoy_pct_lag1,-0.00022919797522325032,China_fuel_to_macro_ARDL,2013-10,2026-06,153
china_ppi_yoy_pct,PPI,const,GPR,-0.0005746720964730759,China_fuel_to_macro_ARDL,2013-10,2026-06,153
china_ppi_yoy_pct,PPI,fuel_log_return_lag0,const,0.3858196906326664,China_fuel_to_macro_ARDL,2013-10,2026-06,153
china_ppi_yoy_pct,PPI,fuel_log_return_lag0,fuel_log_return_lag0,3.8578863389345823,China_fuel_to_macro_ARDL,2013-10,2026-06,153
china_ppi_yoy_pct,PPI,fuel_log_return_lag0,fuel_log_return_lag1,-0.3736646653542242,China_fuel_to_macro_ARDL,2013-10,2026-06,153
china_ppi_yoy_pct,PPI,fuel_log_return_lag0,fuel_log_return_lag2,1.4591899909630779,China_fuel_to_macro_ARDL,2013-10,2026-06,153
china_ppi_yoy_pct,PPI,fuel_log_return_lag0,fuel_log_return_lag3,1.6242699466200374,China_fuel_to_macro_ARDL,2013-10,2026-06,153
china_ppi_yoy_pct,PPI,fuel_log_return_lag0,fuel_log_return_lag4,0.33002954353843034,China_fuel_to_macro_ARDL,2013-10,2026-06,153
china_ppi_yoy_pct,PPI,fuel_log_return_lag0,fuel_log_return_lag5,1.1210799958463056,China_fuel_to_macro_ARDL,2013-10,2026-06,153
china_ppi_yoy_pct,PPI,fuel_log_return_lag0,fuel_log_return_lag6,-0.30656323146622694,China_fuel_to_macro_ARDL,2013-10,2026-06,153
china_ppi_yoy_pct,PPI,fuel_log_return_lag0,china_ppi_yoy_pct_lag1,-0.005274647123128802,China_fuel_to_macro_ARDL,2013-10,2026-06,153
china_ppi_yoy_pct,PPI,fuel_log_return_lag0,GPR,-0.002758891010602043,China_fuel_to_macro_ARDL,2013-10,2026-06,153
china_ppi_yoy_pct,PPI,fuel_log_return_lag1,const,0.017101925058719,China_fuel_to_macro_ARDL,2013-10,2026-06,153
china_ppi_yoy_pct,PPI,fuel_log_return_lag1,fuel_log_return_lag0,-0.37366466535422466,China_fuel_to_macro_ARDL,2013-10,2026-06,153
china_ppi_yoy_pct,PPI,fuel_log_return_lag1,fuel_log_return_lag1,1.737938195171878,China_fuel_to_macro_ARDL,2013-10,2026-06,153
china_ppi_yoy_pct,PPI,fuel_log_return_lag1,fuel_log_return_lag2,0.4722545453731299,China_fuel_to_macro_ARDL,2013-10,2026-06,153
china_ppi_yoy_pct,PPI,fuel_log_return_lag1,fuel_log_return_lag3,0.37208057874773987,China_fuel_to_macro_ARDL,2013-10,2026-06,153
china_ppi_yoy_pct,PPI,fuel_log_return_lag1,fuel_log_return_lag4,0.47036158012145857,China_fuel_to_macro_ARDL,2013-10,2026-06,153
china_ppi_yoy_pct,PPI,fuel_log_return_lag1,fuel_log_return_lag5,0.10823840857645722,China_fuel_to_macro_ARDL,2013-10,2026-06,153
china_ppi_yoy_pct,PPI,fuel_log_return_lag1,fuel_log_return_lag6,0.2840173398136824,China_fuel_to_macro_ARDL,2013-10,2026-06,153
china_ppi_yoy_pct,PPI,fuel_log_return_lag1,china_ppi_yoy_pct_lag1,-0.01048664392385714,China_fuel_to_macro_ARDL,2013-10,2026-06,153
china_ppi_yoy_pct,PPI,fuel_log_return_lag1,GPR,-3.6965261883904583e-06,China_fuel_to_macro_ARDL,2013-10,2026-06,153
china_ppi_yoy_pct,PPI,fuel_log_return_lag2,const,0.20361300173643165,China_fuel_to_macro_ARDL,2013-10,2026-06,153
china_ppi_yoy_pct,PPI,fuel_log_return_lag2,fuel_log_return_lag0,1.4591899909630761,China_fuel_to_macro_ARDL,2013-10,2026-06,153
china_ppi_yoy_pct,PPI,fuel_log_return_lag2,fuel_log_return_lag1,0.4722545453731302,China_fuel_to_macro_ARDL,2013-10,2026-06,153
china_ppi_yoy_pct,PPI,fuel_log_return_lag2,fuel_log_return_lag2,3.458710527532749,China_fuel_to_macro_ARDL,2013-10,2026-06,153
china_ppi_yoy_pct,PPI,fuel_log_return_lag2,fuel_log_return_lag3,0.8096657952775494,China_fuel_to_macro_ARDL,2013-10,2026-06,153
china_ppi_yoy_pct,PPI,fuel_log_return_lag2,fuel_log_return_lag4,0.9831670417022847,China_fuel_to_macro_ARDL,2013-10,2026-06,153
china_ppi_yoy_pct,PPI,fuel_log_return_lag2,fuel_log_return_lag5,0.881638432788342,China_fuel_to_macro_ARDL,2013-10,2026-06,153
china_ppi_yoy_pct,PPI,fuel_log_return_lag2,fuel_log_return_lag6,0.11874417091070211,China_fuel_to_macro_ARDL,2013-10,2026-06,153
china_ppi_yoy_pct,PPI,fuel_log_return_lag2,china_ppi_yoy_pct_lag1,-0.002828716277886819,China_fuel_to_macro_ARDL,2013-10,2026-06,153
china_ppi_yoy_pct,PPI,fuel_log_return_lag2,GPR,-0.0009176956833634736,China_fuel_to_macro_ARDL,2013-10,2026-06,153
china_ppi_yoy_pct,PPI,fuel_log_return_lag3,const,0.17571724296482089,China_fuel_to_macro_ARDL,2013-10,2026-06,153
china_ppi_yoy_pct,PPI,fuel_log_return_lag3,fuel_log_return_lag0,1.6242699466200368,China_fuel_to_macro_ARDL,2013-10,2026-06,153
china_ppi_yoy_pct,PPI,fuel_log_return_lag3,fuel_log_return_lag1,0.37208057874773887,China_fuel_to_macro_ARDL,2013-10,2026-06,153
china_ppi_yoy_pct,PPI,fuel_log_return_lag3,fuel_log_return_lag2,0.8096657952775487,China_fuel_to_macro_ARDL,2013-10,2026-06,153
china_ppi_yoy_pct,PPI,fuel_log_return_lag3,fuel_log_return_lag3,2.0288628521172116,China_fuel_to_macro_ARDL,2013-10,2026-06,153
china_ppi_yoy_pct,PPI,fuel_log_return_lag3,fuel_log_return_lag4,0.5804524700267196,China_fuel_to_macro_ARDL,2013-10,2026-06,153
china_ppi_yoy_pct,PPI,fuel_log_return_lag3,fuel_log_return_lag5,0.10560423213637159,China_fuel_to_macro_ARDL,2013-10,2026-06,153
china_ppi_yoy_pct,PPI,fuel_log_return_lag3,fuel_log_return_lag6,0.1949683391698158,China_fuel_to_macro_ARDL,2013-10,2026-06,153
china_ppi_yoy_pct,PPI,fuel_log_return_lag3,china_ppi_yoy_pct_lag1,-0.00436921460341305,China_fuel_to_macro_ARDL,2013-10,2026-06,153
china_ppi_yoy_pct,PPI,fuel_log_return_lag3,GPR,-0.001145602602453144,China_fuel_to_macro_ARDL,2013-10,2026-06,153
china_ppi_yoy_pct,PPI,fuel_log_return_lag4,const,0.08248874979531634,China_fuel_to_macro_ARDL,2013-10,2026-06,153
china_ppi_yoy_pct,PPI,fuel_log_return_lag4,fuel_log_return_lag0,0.3300295435384319,China_fuel_to_macro_ARDL,2013-10,2026-06,153
china_ppi_yoy_pct,PPI,fuel_log_return_lag4,fuel_log_return_lag1,0.4703615801214591,China_fuel_to_macro_ARDL,2013-10,2026-06,153
china_ppi_yoy_pct,PPI,fuel_log_return_lag4,fuel_log_return_lag2,0.9831670417022881,China_fuel_to_macro_ARDL,2013-10,2026-06,153
china_ppi_yoy_pct,PPI,fuel_log_return_lag4,fuel_log_return_lag3,0.5804524700267203,China_fuel_to_macro_ARDL,2013-10,2026-06,153
china_ppi_yoy_pct,PPI,fuel_log_return_lag4,fuel_log_return_lag4,4.226125194758729,China_fuel_to_macro_ARDL,2013-10,2026-06,153
china_ppi_yoy_pct,PPI,fuel_log_return_lag4,fuel_log_return_lag5,0.5681601425143761,China_fuel_to_macro_ARDL,2013-10,2026-06,153
china_ppi_yoy_pct,PPI,fuel_log_return_lag4,fuel_log_return_lag6,1.493838222270789,China_fuel_to_macro_ARDL,2013-10,2026-06,153
china_ppi_yoy_pct,PPI,fuel_log_return_lag4,china_ppi_yoy_pct_lag1,-0.00237057075912539,China_fuel_to_macro_ARDL,2013-10,2026-06,153
china_ppi_yoy_pct,PPI,fuel_log_return_lag4,GPR,-0.0001250847732064664,China_fuel_to_macro_ARDL,2013-10,2026-06,153
china_ppi_yoy_pct,PPI,fuel_log_return_lag5,const,0.1522227189273736,China_fuel_to_macro_ARDL,2013-10,2026-06,153
china_ppi_yoy_pct,PPI,fuel_log_return_lag5,fuel_log_return_lag0,1.1210799958463054,China_fuel_to_macro_ARDL,2013-10,2026-06,153
china_ppi_yoy_pct,PPI,fuel_log_return_lag5,fuel_log_return_lag1,0.10823840857645761,China_fuel_to_macro_ARDL,2013-10,2026-06,153
china_ppi_yoy_pct,PPI,fuel_log_return_lag5,fuel_log_return_lag2,0.8816384327883422,China_fuel_to_macro_ARDL,2013-10,2026-06,153
china_ppi_yoy_pct,PPI,fuel_log_return_lag5,fuel_log_return_lag3,0.10560423213637149,China_fuel_to_macro_ARDL,2013-10,2026-06,153
china_ppi_yoy_pct,PPI,fuel_log_return_lag5,fuel_log_return_lag4,0.5681601425143764,China_fuel_to_macro_ARDL,2013-10,2026-06,153
china_ppi_yoy_pct,PPI,fuel_log_return_lag5,fuel_log_return_lag5,2.0722006143952947,China_fuel_to_macro_ARDL,2013-10,2026-06,153
china_ppi_yoy_pct,PPI,fuel_log_return_lag5,fuel_log_return_lag6,0.0038888270325996835,China_fuel_to_macro_ARDL,2013-10,2026-06,153
china_ppi_yoy_pct,PPI,fuel_log_return_lag5,china_ppi_yoy_pct_lag1,-0.00700707981418137,China_fuel_to_macro_ARDL,2013-10,2026-06,153
china_ppi_yoy_pct,PPI,fuel_log_return_lag5,GPR,-0.0010504913274846886,China_fuel_to_macro_ARDL,2013-10,2026-06,153
china_ppi_yoy_pct,PPI,fuel_log_return_lag6,const,-0.05879122239448631,China_fuel_to_macro_ARDL,2013-10,2026-06,153
china_ppi_yoy_pct,PPI,fuel_log_return_lag6,fuel_log_return_lag0,-0.30656323146622594,China_fuel_to_macro_ARDL,2013-10,2026-06,153
china_ppi_yoy_pct,PPI,fuel_log_return_lag6,fuel_log_return_lag1,0.284017339813683,China_fuel_to_macro_ARDL,2013-10,2026-06,153
china_ppi_yoy_pct,PPI,fuel_log_return_lag6,fuel_log_return_lag2,0.11874417091070319,China_fuel_to_macro_ARDL,2013-10,2026-06,153
china_ppi_yoy_pct,PPI,fuel_log_return_lag6,fuel_log_return_lag3,0.19496833916981632,China_fuel_to_macro_ARDL,2013-10,2026-06,153
china_ppi_yoy_pct,PPI,fuel_log_return_lag6,fuel_log_return_lag4,1.4938382222707876,China_fuel_to_macro_ARDL,2013-10,2026-06,153
china_ppi_yoy_pct,PPI,fuel_log_return_lag6,fuel_log_return_lag5,0.003888827032601233,China_fuel_to_macro_ARDL,2013-10,2026-06,153
china_ppi_yoy_pct,PPI,fuel_log_return_lag6,fuel_log_return_lag6,3.364165694323199,China_fuel_to_macro_ARDL,2013-10,2026-06,153
china_ppi_yoy_pct,PPI,fuel_log_return_lag6,china_ppi_yoy_pct_lag1,-0.0008800808802530122,China_fuel_to_macro_ARDL,2013-10,2026-06,153
china_ppi_yoy_pct,PPI,fuel_log_return_lag6,GPR,0.0008502996475489683,China_fuel_to_macro_ARDL,2013-10,2026-06,153
china_ppi_yoy_pct,PPI,china_ppi_yoy_pct_lag1,const,-0.0002291979752232498,China_fuel_to_macro_ARDL,2013-10,2026-06,153
china_ppi_yoy_pct,PPI,china_ppi_yoy_pct_lag1,fuel_log_return_lag0,-0.005274647123128801,China_fuel_to_macro_ARDL,2013-10,2026-06,153
china_ppi_yoy_pct,PPI,china_ppi_yoy_pct_lag1,fuel_log_return_lag1,-0.010486643923857132,China_fuel_to_macro_ARDL,2013-10,2026-06,153
china_ppi_yoy_pct,PPI,china_ppi_yoy_pct_lag1,fuel_log_return_lag2,-0.0028287162778868396,China_fuel_to_macro_ARDL,2013-10,2026-06,153
china_ppi_yoy_pct,PPI,china_ppi_yoy_pct_lag1,fuel_log_return_lag3,-0.004369214603413057,China_fuel_to_macro_ARDL,2013-10,2026-06,153
china_ppi_yoy_pct,PPI,china_ppi_yoy_pct_lag1,fuel_log_return_lag4,-0.002370570759125371,China_fuel_to_macro_ARDL,2013-10,2026-06,153
china_ppi_yoy_pct,PPI,china_ppi_yoy_pct_lag1,fuel_log_return_lag5,-0.007007079814181363,China_fuel_to_macro_ARDL,2013-10,2026-06,153
china_ppi_yoy_pct,PPI,china_ppi_yoy_pct_lag1,fuel_log_return_lag6,-0.0008800808802530044,China_fuel_to_macro_ARDL,2013-10,2026-06,153
china_ppi_yoy_pct,PPI,china_ppi_yoy_pct_lag1,china_ppi_yoy_pct_lag1,0.00046965823097329314,China_fuel_to_macro_ARDL,2013-10,2026-06,153
china_ppi_yoy_pct,PPI,china_ppi_yoy_pct_lag1,GPR,5.115510920191098e-06,China_fuel_to_macro_ARDL,2013-10,2026-06,153
china_ppi_yoy_pct,PPI,GPR,const,-0.0005746720964730776,China_fuel_to_macro_ARDL,2013-10,2026-06,153
china_ppi_yoy_pct,PPI,GPR,fuel_log_return_lag0,-0.0027588910106020447,China_fuel_to_macro_ARDL,2013-10,2026-06,153
china_ppi_yoy_pct,PPI,GPR,fuel_log_return_lag1,-3.6965261883960834e-06,China_fuel_to_macro_ARDL,2013-10,2026-06,153
china_ppi_yoy_pct,PPI,GPR,fuel_log_return_lag2,-0.0009176956833634739,China_fuel_to_macro_ARDL,2013-10,2026-06,153
china_ppi_yoy_pct,PPI,GPR,fuel_log_return_lag3,-0.0011456026024531478,China_fuel_to_macro_ARDL,2013-10,2026-06,153
china_ppi_yoy_pct,PPI,GPR,fuel_log_return_lag4,-0.0001250847732064615,China_fuel_to_macro_ARDL,2013-10,2026-06,153
china_ppi_yoy_pct,PPI,GPR,fuel_log_return_lag5,-0.0010504913274846889,China_fuel_to_macro_ARDL,2013-10,2026-06,153
china_ppi_yoy_pct,PPI,GPR,fuel_log_return_lag6,0.0008502996475489707,China_fuel_to_macro_ARDL,2013-10,2026-06,153
china_ppi_yoy_pct,PPI,GPR,china_ppi_yoy_pct_lag1,5.115510920191129e-06,China_fuel_to_macro_ARDL,2013-10,2026-06,153
china_ppi_yoy_pct,PPI,GPR,GPR,4.809623869258195e-06,China_fuel_to_macro_ARDL,2013-10,2026-06,153
china_cpi_yoy_pct,CPI,const,const,0.026547127264516152,China_fuel_to_macro_ARDL,2013-10,2026-06,153
china_cpi_yoy_pct,CPI,const,fuel_log_return_lag0,-0.02920902273190818,China_fuel_to_macro_ARDL,2013-10,2026-06,153
china_cpi_yoy_pct,CPI,const,fuel_log_return_lag1,-0.02773872793963871,China_fuel_to_macro_ARDL,2013-10,2026-06,153
china_cpi_yoy_pct,CPI,const,fuel_log_return_lag2,0.006734110489828455,China_fuel_to_macro_ARDL,2013-10,2026-06,153
china_cpi_yoy_pct,CPI,const,fuel_log_return_lag3,-0.022802875523083715,China_fuel_to_macro_ARDL,2013-10,2026-06,153
china_cpi_yoy_pct,CPI,const,fuel_log_return_lag4,0.05457909891172606,China_fuel_to_macro_ARDL,2013-10,2026-06,153
china_cpi_yoy_pct,CPI,const,fuel_log_return_lag5,-0.037923924523813816,China_fuel_to_macro_ARDL,2013-10,2026-06,153
china_cpi_yoy_pct,CPI,const,fuel_log_return_lag6,-0.028421958147478887,China_fuel_to_macro_ARDL,2013-10,2026-06,153
china_cpi_yoy_pct,CPI,const,china_cpi_yoy_pct_lag1,-0.005567082295697427,China_fuel_to_macro_ARDL,2013-10,2026-06,153
china_cpi_yoy_pct,CPI,const,GPR,-0.00015135259326213226,China_fuel_to_macro_ARDL,2013-10,2026-06,153
china_cpi_yoy_pct,CPI,fuel_log_return_lag0,const,-0.02920902273190815,China_fuel_to_macro_ARDL,2013-10,2026-06,153
china_cpi_yoy_pct,CPI,fuel_log_return_lag0,fuel_log_return_lag0,0.7169015677108715,China_fuel_to_macro_ARDL,2013-10,2026-06,153
china_cpi_yoy_pct,CPI,fuel_log_return_lag0,fuel_log_return_lag1,-0.3438563820425708,China_fuel_to_macro_ARDL,2013-10,2026-06,153
china_cpi_yoy_pct,CPI,fuel_log_return_lag0,fuel_log_return_lag2,0.22441896815600337,China_fuel_to_macro_ARDL,2013-10,2026-06,153
china_cpi_yoy_pct,CPI,fuel_log_return_lag0,fuel_log_return_lag3,-0.38754588450151567,China_fuel_to_macro_ARDL,2013-10,2026-06,153
china_cpi_yoy_pct,CPI,fuel_log_return_lag0,fuel_log_return_lag4,0.4026525226129885,China_fuel_to_macro_ARDL,2013-10,2026-06,153
china_cpi_yoy_pct,CPI,fuel_log_return_lag0,fuel_log_return_lag5,-0.36420522094168584,China_fuel_to_macro_ARDL,2013-10,2026-06,153
china_cpi_yoy_pct,CPI,fuel_log_return_lag0,fuel_log_return_lag6,0.461202653863944,China_fuel_to_macro_ARDL,2013-10,2026-06,153
china_cpi_yoy_pct,CPI,fuel_log_return_lag0,china_cpi_yoy_pct_lag1,0.01296678115117901,China_fuel_to_macro_ARDL,2013-10,2026-06,153
china_cpi_yoy_pct,CPI,fuel_log_return_lag0,GPR,7.135586621085096e-05,China_fuel_to_macro_ARDL,2013-10,2026-06,153
china_cpi_yoy_pct,CPI,fuel_log_return_lag1,const,-0.027738727939638726,China_fuel_to_macro_ARDL,2013-10,2026-06,153
china_cpi_yoy_pct,CPI,fuel_log_return_lag1,fuel_log_return_lag0,-0.34385638204257063,China_fuel_to_macro_ARDL,2013-10,2026-06,153
china_cpi_yoy_pct,CPI,fuel_log_return_lag1,fuel_log_return_lag1,1.6331788892890473,China_fuel_to_macro_ARDL,2013-10,2026-06,153
china_cpi_yoy_pct,CPI,fuel_log_return_lag1,fuel_log_return_lag2,-0.6195710089488434,China_fuel_to_macro_ARDL,2013-10,2026-06,153
china_cpi_yoy_pct,CPI,fuel_log_return_lag1,fuel_log_return_lag3,0.5682512570287115,China_fuel_to_macro_ARDL,2013-10,2026-06,153
china_cpi_yoy_pct,CPI,fuel_log_return_lag1,fuel_log_return_lag4,-0.8038509872651108,China_fuel_to_macro_ARDL,2013-10,2026-06,153
china_cpi_yoy_pct,CPI,fuel_log_return_lag1,fuel_log_return_lag5,0.9670663310807054,China_fuel_to_macro_ARDL,2013-10,2026-06,153
china_cpi_yoy_pct,CPI,fuel_log_return_lag1,fuel_log_return_lag6,-0.6202867105588609,China_fuel_to_macro_ARDL,2013-10,2026-06,153
china_cpi_yoy_pct,CPI,fuel_log_return_lag1,china_cpi_yoy_pct_lag1,0.010302345947714595,China_fuel_to_macro_ARDL,2013-10,2026-06,153
china_cpi_yoy_pct,CPI,fuel_log_return_lag1,GPR,0.00017392132265818967,China_fuel_to_macro_ARDL,2013-10,2026-06,153
china_cpi_yoy_pct,CPI,fuel_log_return_lag2,const,0.006734110489828487,China_fuel_to_macro_ARDL,2013-10,2026-06,153
china_cpi_yoy_pct,CPI,fuel_log_return_lag2,fuel_log_return_lag0,0.22441896815600326,China_fuel_to_macro_ARDL,2013-10,2026-06,153
china_cpi_yoy_pct,CPI,fuel_log_return_lag2,fuel_log_return_lag1,-0.6195710089488434,China_fuel_to_macro_ARDL,2013-10,2026-06,153
china_cpi_yoy_pct,CPI,fuel_log_return_lag2,fuel_log_return_lag2,0.995669425614389,China_fuel_to_macro_ARDL,2013-10,2026-06,153
china_cpi_yoy_pct,CPI,fuel_log_return_lag2,fuel_log_return_lag3,-0.5464584024404586,China_fuel_to_macro_ARDL,2013-10,2026-06,153
china_cpi_yoy_pct,CPI,fuel_log_return_lag2,fuel_log_return_lag4,0.32392623172811663,China_fuel_to_macro_ARDL,2013-10,2026-06,153
china_cpi_yoy_pct,CPI,fuel_log_return_lag2,fuel_log_return_lag5,-0.4841861470416538,China_fuel_to_macro_ARDL,2013-10,2026-06,153
china_cpi_yoy_pct,CPI,fuel_log_return_lag2,fuel_log_return_lag6,0.6270602965003677,China_fuel_to_macro_ARDL,2013-10,2026-06,153
china_cpi_yoy_pct,CPI,fuel_log_return_lag2,china_cpi_yoy_pct_lag1,-0.0016837019396902678,China_fuel_to_macro_ARDL,2013-10,2026-06,153
china_cpi_yoy_pct,CPI,fuel_log_return_lag2,GPR,-0.0001126992604541228,China_fuel_to_macro_ARDL,2013-10,2026-06,153
china_cpi_yoy_pct,CPI,fuel_log_return_lag3,const,-0.022802875523083726,China_fuel_to_macro_ARDL,2013-10,2026-06,153
china_cpi_yoy_pct,CPI,fuel_log_return_lag3,fuel_log_return_lag0,-0.38754588450151556,China_fuel_to_macro_ARDL,2013-10,2026-06,153
china_cpi_yoy_pct,CPI,fuel_log_return_lag3,fuel_log_return_lag1,0.5682512570287113,China_fuel_to_macro_ARDL,2013-10,2026-06,153
china_cpi_yoy_pct,CPI,fuel_log_return_lag3,fuel_log_return_lag2,-0.5464584024404585,China_fuel_to_macro_ARDL,2013-10,2026-06,153
china_cpi_yoy_pct,CPI,fuel_log_return_lag3,fuel_log_return_lag3,1.1550507707900404,China_fuel_to_macro_ARDL,2013-10,2026-06,153
china_cpi_yoy_pct,CPI,fuel_log_return_lag3,fuel_log_return_lag4,-0.768725142923193,China_fuel_to_macro_ARDL,2013-10,2026-06,153
china_cpi_yoy_pct,CPI,fuel_log_return_lag3,fuel_log_return_lag5,0.5776092225632877,China_fuel_to_macro_ARDL,2013-10,2026-06,153
china_cpi_yoy_pct,CPI,fuel_log_return_lag3,fuel_log_return_lag6,-0.3661320026062142,China_fuel_to_macro_ARDL,2013-10,2026-06,153
china_cpi_yoy_pct,CPI,fuel_log_return_lag3,china_cpi_yoy_pct_lag1,0.0019524187826349731,China_fuel_to_macro_ARDL,2013-10,2026-06,153
china_cpi_yoy_pct,CPI,fuel_log_return_lag3,GPR,0.0001889805554141741,China_fuel_to_macro_ARDL,2013-10,2026-06,153
china_cpi_yoy_pct,CPI,fuel_log_return_lag4,const,0.054579098911726104,China_fuel_to_macro_ARDL,2013-10,2026-06,153
china_cpi_yoy_pct,CPI,fuel_log_return_lag4,fuel_log_return_lag0,0.4026525226129884,China_fuel_to_macro_ARDL,2013-10,2026-06,153
china_cpi_yoy_pct,CPI,fuel_log_return_lag4,fuel_log_return_lag1,-0.8038509872651105,China_fuel_to_macro_ARDL,2013-10,2026-06,153
china_cpi_yoy_pct,CPI,fuel_log_return_lag4,fuel_log_return_lag2,0.32392623172811674,China_fuel_to_macro_ARDL,2013-10,2026-06,153
china_cpi_yoy_pct,CPI,fuel_log_return_lag4,fuel_log_return_lag3,-0.768725142923193,China_fuel_to_macro_ARDL,2013-10,2026-06,153
china_cpi_yoy_pct,CPI,fuel_log_return_lag4,fuel_log_return_lag4,1.411517124992376,China_fuel_to_macro_ARDL,2013-10,2026-06,153
china_cpi_yoy_pct,CPI,fuel_log_return_lag4,fuel_log_return_lag5,-1.0699832272331185,China_fuel_to_macro_ARDL,2013-10,2026-06,153
china_cpi_yoy_pct,CPI,fuel_log_return_lag4,fuel_log_return_lag6,0.7520298847474344,China_fuel_to_macro_ARDL,2013-10,2026-06,153
china_cpi_yoy_pct,CPI,fuel_log_return_lag4,china_cpi_yoy_pct_lag1,-0.016261216975224774,China_fuel_to_macro_ARDL,2013-10,2026-06,153
china_cpi_yoy_pct,CPI,fuel_log_return_lag4,GPR,-0.0003650561432153098,China_fuel_to_macro_ARDL,2013-10,2026-06,153
china_cpi_yoy_pct,CPI,fuel_log_return_lag5,const,-0.03792392452381375,China_fuel_to_macro_ARDL,2013-10,2026-06,153
china_cpi_yoy_pct,CPI,fuel_log_return_lag5,fuel_log_return_lag0,-0.3642052209416858,China_fuel_to_macro_ARDL,2013-10,2026-06,153
china_cpi_yoy_pct,CPI,fuel_log_return_lag5,fuel_log_return_lag1,0.9670663310807053,China_fuel_to_macro_ARDL,2013-10,2026-06,153
china_cpi_yoy_pct,CPI,fuel_log_return_lag5,fuel_log_return_lag2,-0.4841861470416538,China_fuel_to_macro_ARDL,2013-10,2026-06,153
china_cpi_yoy_pct,CPI,fuel_log_return_lag5,fuel_log_return_lag3,0.5776092225632877,China_fuel_to_macro_ARDL,2013-10,2026-06,153
china_cpi_yoy_pct,CPI,fuel_log_return_lag5,fuel_log_return_lag4,-1.0699832272331187,China_fuel_to_macro_ARDL,2013-10,2026-06,153
china_cpi_yoy_pct,CPI,fuel_log_return_lag5,fuel_log_return_lag5,1.6188156968375897,China_fuel_to_macro_ARDL,2013-10,2026-06,153
china_cpi_yoy_pct,CPI,fuel_log_return_lag5,fuel_log_return_lag6,-1.1899079316883836,China_fuel_to_macro_ARDL,2013-10,2026-06,153
china_cpi_yoy_pct,CPI,fuel_log_return_lag5,china_cpi_yoy_pct_lag1,0.007430615972496384,China_fuel_to_macro_ARDL,2013-10,2026-06,153
china_cpi_yoy_pct,CPI,fuel_log_return_lag5,GPR,0.0003374349899535316,China_fuel_to_macro_ARDL,2013-10,2026-06,153
china_cpi_yoy_pct,CPI,fuel_log_return_lag6,const,-0.02842195814747888,China_fuel_to_macro_ARDL,2013-10,2026-06,153
china_cpi_yoy_pct,CPI,fuel_log_return_lag6,fuel_log_return_lag0,0.46120265386394393,China_fuel_to_macro_ARDL,2013-10,2026-06,153
china_cpi_yoy_pct,CPI,fuel_log_return_lag6,fuel_log_return_lag1,-0.6202867105588612,China_fuel_to_macro_ARDL,2013-10,2026-06,153
china_cpi_yoy_pct,CPI,fuel_log_return_lag6,fuel_log_return_lag2,0.6270602965003675,China_fuel_to_macro_ARDL,2013-10,2026-06,153
china_cpi_yoy_pct,CPI,fuel_log_return_lag6,fuel_log_return_lag3,-0.36613200260621415,China_fuel_to_macro_ARDL,2013-10,2026-06,153
china_cpi_yoy_pct,CPI,fuel_log_return_lag6,fuel_log_return_lag4,0.7520298847474343,China_fuel_to_macro_ARDL,2013-10,2026-06,153
china_cpi_yoy_pct,CPI,fuel_log_return_lag6,fuel_log_return_lag5,-1.1899079316883836,China_fuel_to_macro_ARDL,2013-10,2026-06,153
china_cpi_yoy_pct,CPI,fuel_log_return_lag6,fuel_log_return_lag6,2.2184499975032885,China_fuel_to_macro_ARDL,2013-10,2026-06,153
china_cpi_yoy_pct,CPI,fuel_log_return_lag6,china_cpi_yoy_pct_lag1,-0.004536658722849373,China_fuel_to_macro_ARDL,2013-10,2026-06,153
china_cpi_yoy_pct,CPI,fuel_log_return_lag6,GPR,5.001577811689579e-05,China_fuel_to_macro_ARDL,2013-10,2026-06,153
china_cpi_yoy_pct,CPI,china_cpi_yoy_pct_lag1,const,-0.005567082295697432,China_fuel_to_macro_ARDL,2013-10,2026-06,153
china_cpi_yoy_pct,CPI,china_cpi_yoy_pct_lag1,fuel_log_return_lag0,0.012966781151179023,China_fuel_to_macro_ARDL,2013-10,2026-06,153
china_cpi_yoy_pct,CPI,china_cpi_yoy_pct_lag1,fuel_log_return_lag1,0.010302345947714581,China_fuel_to_macro_ARDL,2013-10,2026-06,153
china_cpi_yoy_pct,CPI,china_cpi_yoy_pct_lag1,fuel_log_return_lag2,-0.0016837019396902689,China_fuel_to_macro_ARDL,2013-10,2026-06,153
china_cpi_yoy_pct,CPI,china_cpi_yoy_pct_lag1,fuel_log_return_lag3,0.0019524187826349712,China_fuel_to_macro_ARDL,2013-10,2026-06,153
china_cpi_yoy_pct,CPI,china_cpi_yoy_pct_lag1,fuel_log_return_lag4,-0.01626121697522476,China_fuel_to_macro_ARDL,2013-10,2026-06,153
china_cpi_yoy_pct,CPI,china_cpi_yoy_pct_lag1,fuel_log_return_lag5,0.00743061597249638,China_fuel_to_macro_ARDL,2013-10,2026-06,153
china_cpi_yoy_pct,CPI,china_cpi_yoy_pct_lag1,fuel_log_return_lag6,-0.0045366587228493505,China_fuel_to_macro_ARDL,2013-10,2026-06,153
china_cpi_yoy_pct,CPI,china_cpi_yoy_pct_lag1,china_cpi_yoy_pct_lag1,0.00226299961997069,China_fuel_to_macro_ARDL,2013-10,2026-06,153
china_cpi_yoy_pct,CPI,china_cpi_yoy_pct_lag1,GPR,2.4260824188561954e-05,China_fuel_to_macro_ARDL,2013-10,2026-06,153
china_cpi_yoy_pct,CPI,GPR,const,-0.0001513525932621324,China_fuel_to_macro_ARDL,2013-10,2026-06,153
china_cpi_yoy_pct,CPI,GPR,fuel_log_return_lag0,7.1355866210851e-05,China_fuel_to_macro_ARDL,2013-10,2026-06,153
china_cpi_yoy_pct,CPI,GPR,fuel_log_return_lag1,0.00017392132265818975,China_fuel_to_macro_ARDL,2013-10,2026-06,153
china_cpi_yoy_pct,CPI,GPR,fuel_log_return_lag2,-0.00011269926045412284,China_fuel_to_macro_ARDL,2013-10,2026-06,153
china_cpi_yoy_pct,CPI,GPR,fuel_log_return_lag3,0.0001889805554141741,China_fuel_to_macro_ARDL,2013-10,2026-06,153
china_cpi_yoy_pct,CPI,GPR,fuel_log_return_lag4,-0.00036505614321530924,China_fuel_to_macro_ARDL,2013-10,2026-06,153
china_cpi_yoy_pct,CPI,GPR,fuel_log_return_lag5,0.00033743498995353186,China_fuel_to_macro_ARDL,2013-10,2026-06,153
china_cpi_yoy_pct,CPI,GPR,fuel_log_return_lag6,5.00157781168952e-05,China_fuel_to_macro_ARDL,2013-10,2026-06,153
china_cpi_yoy_pct,CPI,GPR,china_cpi_yoy_pct_lag1,2.4260824188561944e-05,China_fuel_to_macro_ARDL,2013-10,2026-06,153
china_cpi_yoy_pct,CPI,GPR,GPR,9.713884236660243e-07,China_fuel_to_macro_ARDL,2013-10,2026-06,153
china_iav_yoy_pct,IAV,const,const,0.2459828263728143,China_fuel_to_macro_ARDL,2013-10,2026-06,114
china_iav_yoy_pct,IAV,const,fuel_log_return_lag0,0.04200185227021666,China_fuel_to_macro_ARDL,2013-10,2026-06,114
china_iav_yoy_pct,IAV,const,fuel_log_return_lag1,-0.8900373161812223,China_fuel_to_macro_ARDL,2013-10,2026-06,114
china_iav_yoy_pct,IAV,const,fuel_log_return_lag2,0.1375064651491919,China_fuel_to_macro_ARDL,2013-10,2026-06,114
china_iav_yoy_pct,IAV,const,fuel_log_return_lag3,-0.5462626757439285,China_fuel_to_macro_ARDL,2013-10,2026-06,114
china_iav_yoy_pct,IAV,const,fuel_log_return_lag4,1.3356494655535243,China_fuel_to_macro_ARDL,2013-10,2026-06,114
china_iav_yoy_pct,IAV,const,fuel_log_return_lag5,-1.0625776949619519,China_fuel_to_macro_ARDL,2013-10,2026-06,114
china_iav_yoy_pct,IAV,const,fuel_log_return_lag6,-0.12684164172715998,China_fuel_to_macro_ARDL,2013-10,2026-06,114
china_iav_yoy_pct,IAV,const,china_iav_yoy_pct_lag1,-0.019479021394382824,China_fuel_to_macro_ARDL,2013-10,2026-06,114
china_iav_yoy_pct,IAV,const,GPR,-0.001326214747928483,China_fuel_to_macro_ARDL,2013-10,2026-06,114
china_iav_yoy_pct,IAV,fuel_log_return_lag0,const,0.04200185227021726,China_fuel_to_macro_ARDL,2013-10,2026-06,114
china_iav_yoy_pct,IAV,fuel_log_return_lag0,fuel_log_return_lag0,4.425719976924132,China_fuel_to_macro_ARDL,2013-10,2026-06,114
china_iav_yoy_pct,IAV,fuel_log_return_lag0,fuel_log_return_lag1,-2.6262912911049363,China_fuel_to_macro_ARDL,2013-10,2026-06,114
china_iav_yoy_pct,IAV,fuel_log_return_lag0,fuel_log_return_lag2,1.4403748824873708,China_fuel_to_macro_ARDL,2013-10,2026-06,114
china_iav_yoy_pct,IAV,fuel_log_return_lag0,fuel_log_return_lag3,1.901848306274685,China_fuel_to_macro_ARDL,2013-10,2026-06,114
china_iav_yoy_pct,IAV,fuel_log_return_lag0,fuel_log_return_lag4,-0.7189009058856708,China_fuel_to_macro_ARDL,2013-10,2026-06,114
china_iav_yoy_pct,IAV,fuel_log_return_lag0,fuel_log_return_lag5,0.26067819091734235,China_fuel_to_macro_ARDL,2013-10,2026-06,114
china_iav_yoy_pct,IAV,fuel_log_return_lag0,fuel_log_return_lag6,2.740646040907366,China_fuel_to_macro_ARDL,2013-10,2026-06,114
china_iav_yoy_pct,IAV,fuel_log_return_lag0,china_iav_yoy_pct_lag1,-0.011935817025331377,China_fuel_to_macro_ARDL,2013-10,2026-06,114
china_iav_yoy_pct,IAV,fuel_log_return_lag0,GPR,0.0006882927554201517,China_fuel_to_macro_ARDL,2013-10,2026-06,114
china_iav_yoy_pct,IAV,fuel_log_return_lag1,const,-0.8900373161812257,China_fuel_to_macro_ARDL,2013-10,2026-06,114
china_iav_yoy_pct,IAV,fuel_log_return_lag1,fuel_log_return_lag0,-2.62629129110494,China_fuel_to_macro_ARDL,2013-10,2026-06,114
china_iav_yoy_pct,IAV,fuel_log_return_lag1,fuel_log_return_lag1,11.813140370942305,China_fuel_to_macro_ARDL,2013-10,2026-06,114
china_iav_yoy_pct,IAV,fuel_log_return_lag1,fuel_log_return_lag2,-0.7131558730868788,China_fuel_to_macro_ARDL,2013-10,2026-06,114
china_iav_yoy_pct,IAV,fuel_log_return_lag1,fuel_log_return_lag3,3.3534934803263363,China_fuel_to_macro_ARDL,2013-10,2026-06,114
china_iav_yoy_pct,IAV,fuel_log_return_lag1,fuel_log_return_lag4,-10.437070003402951,China_fuel_to_macro_ARDL,2013-10,2026-06,114
china_iav_yoy_pct,IAV,fuel_log_return_lag1,fuel_log_return_lag5,9.495692352909836,China_fuel_to_macro_ARDL,2013-10,2026-06,114
china_iav_yoy_pct,IAV,fuel_log_return_lag1,fuel_log_return_lag6,2.143976525262277,China_fuel_to_macro_ARDL,2013-10,2026-06,114
china_iav_yoy_pct,IAV,fuel_log_return_lag1,china_iav_yoy_pct_lag1,0.03916897102418765,China_fuel_to_macro_ARDL,2013-10,2026-06,114
china_iav_yoy_pct,IAV,fuel_log_return_lag1,GPR,0.006305682913682395,China_fuel_to_macro_ARDL,2013-10,2026-06,114
china_iav_yoy_pct,IAV,fuel_log_return_lag2,const,0.13750646514919185,China_fuel_to_macro_ARDL,2013-10,2026-06,114
china_iav_yoy_pct,IAV,fuel_log_return_lag2,fuel_log_return_lag0,1.44037488248737,China_fuel_to_macro_ARDL,2013-10,2026-06,114
china_iav_yoy_pct,IAV,fuel_log_return_lag2,fuel_log_return_lag1,-0.7131558730868697,China_fuel_to_macro_ARDL,2013-10,2026-06,114
china_iav_yoy_pct,IAV,fuel_log_return_lag2,fuel_log_return_lag2,7.337746295052028,China_fuel_to_macro_ARDL,2013-10,2026-06,114
china_iav_yoy_pct,IAV,fuel_log_return_lag2,fuel_log_return_lag3,-1.5677487635873621,China_fuel_to_macro_ARDL,2013-10,2026-06,114
china_iav_yoy_pct,IAV,fuel_log_return_lag2,fuel_log_return_lag4,-0.653346408401738,China_fuel_to_macro_ARDL,2013-10,2026-06,114
china_iav_yoy_pct,IAV,fuel_log_return_lag2,fuel_log_return_lag5,1.4943338605419743,China_fuel_to_macro_ARDL,2013-10,2026-06,114
china_iav_yoy_pct,IAV,fuel_log_return_lag2,fuel_log_return_lag6,2.114466949050846,China_fuel_to_macro_ARDL,2013-10,2026-06,114
china_iav_yoy_pct,IAV,fuel_log_return_lag2,china_iav_yoy_pct_lag1,-0.014994002719718864,China_fuel_to_macro_ARDL,2013-10,2026-06,114
china_iav_yoy_pct,IAV,fuel_log_return_lag2,GPR,-3.35136434789934e-05,China_fuel_to_macro_ARDL,2013-10,2026-06,114
china_iav_yoy_pct,IAV,fuel_log_return_lag3,const,-0.5462626757439282,China_fuel_to_macro_ARDL,2013-10,2026-06,114
china_iav_yoy_pct,IAV,fuel_log_return_lag3,fuel_log_return_lag0,1.9018483062746852,China_fuel_to_macro_ARDL,2013-10,2026-06,114
china_iav_yoy_pct,IAV,fuel_log_return_lag3,fuel_log_return_lag1,3.3534934803263337,China_fuel_to_macro_ARDL,2013-10,2026-06,114
china_iav_yoy_pct,IAV,fuel_log_return_lag3,fuel_log_return_lag2,-1.5677487635873615,China_fuel_to_macro_ARDL,2013-10,2026-06,114
china_iav_yoy_pct,IAV,fuel_log_return_lag3,fuel_log_return_lag3,12.971460998733505,China_fuel_to_macro_ARDL,2013-10,2026-06,114
china_iav_yoy_pct,IAV,fuel_log_return_lag3,fuel_log_return_lag4,-9.565552626042933,China_fuel_to_macro_ARDL,2013-10,2026-06,114
china_iav_yoy_pct,IAV,fuel_log_return_lag3,fuel_log_return_lag5,4.5659570970205205,China_fuel_to_macro_ARDL,2013-10,2026-06,114
china_iav_yoy_pct,IAV,fuel_log_return_lag3,fuel_log_return_lag6,2.542036910516697,China_fuel_to_macro_ARDL,2013-10,2026-06,114
china_iav_yoy_pct,IAV,fuel_log_return_lag3,china_iav_yoy_pct_lag1,0.0371248898942364,China_fuel_to_macro_ARDL,2013-10,2026-06,114
china_iav_yoy_pct,IAV,fuel_log_return_lag3,GPR,0.0032073566661719208,China_fuel_to_macro_ARDL,2013-10,2026-06,114
china_iav_yoy_pct,IAV,fuel_log_return_lag4,const,1.3356494655535234,China_fuel_to_macro_ARDL,2013-10,2026-06,114
china_iav_yoy_pct,IAV,fuel_log_return_lag4,fuel_log_return_lag0,-0.7189009058856691,China_fuel_to_macro_ARDL,2013-10,2026-06,114
china_iav_yoy_pct,IAV,fuel_log_return_lag4,fuel_log_return_lag1,-10.437070003402951,China_fuel_to_macro_ARDL,2013-10,2026-06,114
china_iav_yoy_pct,IAV,fuel_log_return_lag4,fuel_log_return_lag2,-0.6533464084017366,China_fuel_to_macro_ARDL,2013-10,2026-06,114
china_iav_yoy_pct,IAV,fuel_log_return_lag4,fuel_log_return_lag3,-9.565552626042935,China_fuel_to_macro_ARDL,2013-10,2026-06,114
china_iav_yoy_pct,IAV,fuel_log_return_lag4,fuel_log_return_lag4,21.10318811272242,China_fuel_to_macro_ARDL,2013-10,2026-06,114
china_iav_yoy_pct,IAV,fuel_log_return_lag4,fuel_log_return_lag5,-14.46074999451717,China_fuel_to_macro_ARDL,2013-10,2026-06,114
china_iav_yoy_pct,IAV,fuel_log_return_lag4,fuel_log_return_lag6,-3.8068874879921824,China_fuel_to_macro_ARDL,2013-10,2026-06,114
china_iav_yoy_pct,IAV,fuel_log_return_lag4,china_iav_yoy_pct_lag1,-0.048364535212733546,China_fuel_to_macro_ARDL,2013-10,2026-06,114
china_iav_yoy_pct,IAV,fuel_log_return_lag4,GPR,-0.010600962289148511,China_fuel_to_macro_ARDL,2013-10,2026-06,114
china_iav_yoy_pct,IAV,fuel_log_return_lag5,const,-1.0625776949619525,China_fuel_to_macro_ARDL,2013-10,2026-06,114
china_iav_yoy_pct,IAV,fuel_log_return_lag5,fuel_log_return_lag0,0.26067819091734074,China_fuel_to_macro_ARDL,2013-10,2026-06,114
china_iav_yoy_pct,IAV,fuel_log_return_lag5,fuel_log_return_lag1,9.495692352909835,China_fuel_to_macro_ARDL,2013-10,2026-06,114
china_iav_yoy_pct,IAV,fuel_log_return_lag5,fuel_log_return_lag2,1.4943338605419714,China_fuel_to_macro_ARDL,2013-10,2026-06,114
china_iav_yoy_pct,IAV,fuel_log_return_lag5,fuel_log_return_lag3,4.5659570970205205,China_fuel_to_macro_ARDL,2013-10,2026-06,114
china_iav_yoy_pct,IAV,fuel_log_return_lag5,fuel_log_return_lag4,-14.460749994517169,China_fuel_to_macro_ARDL,2013-10,2026-06,114
china_iav_yoy_pct,IAV,fuel_log_return_lag5,fuel_log_return_lag5,17.29632926609526,China_fuel_to_macro_ARDL,2013-10,2026-06,114
china_iav_yoy_pct,IAV,fuel_log_return_lag5,fuel_log_return_lag6,-0.7570172460304855,China_fuel_to_macro_ARDL,2013-10,2026-06,114
china_iav_yoy_pct,IAV,fuel_log_return_lag5,china_iav_yoy_pct_lag1,0.026949981538091906,China_fuel_to_macro_ARDL,2013-10,2026-06,114
china_iav_yoy_pct,IAV,fuel_log_return_lag5,GPR,0.00806045530644091,China_fuel_to_macro_ARDL,2013-10,2026-06,114
china_iav_yoy_pct,IAV,fuel_log_return_lag6,const,-0.12684164172716406,China_fuel_to_macro_ARDL,2013-10,2026-06,114
china_iav_yoy_pct,IAV,fuel_log_return_lag6,fuel_log_return_lag0,2.740646040907365,China_fuel_to_macro_ARDL,2013-10,2026-06,114
china_iav_yoy_pct,IAV,fuel_log_return_lag6,fuel_log_return_lag1,2.143976525262279,China_fuel_to_macro_ARDL,2013-10,2026-06,114
china_iav_yoy_pct,IAV,fuel_log_return_lag6,fuel_log_return_lag2,2.1144669490508408,China_fuel_to_macro_ARDL,2013-10,2026-06,114
china_iav_yoy_pct,IAV,fuel_log_return_lag6,fuel_log_return_lag3,2.5420369105166967,China_fuel_to_macro_ARDL,2013-10,2026-06,114
china_iav_yoy_pct,IAV,fuel_log_return_lag6,fuel_log_return_lag4,-3.8068874879921837,China_fuel_to_macro_ARDL,2013-10,2026-06,114
china_iav_yoy_pct,IAV,fuel_log_return_lag6,fuel_log_return_lag5,-0.7570172460304857,China_fuel_to_macro_ARDL,2013-10,2026-06,114
china_iav_yoy_pct,IAV,fuel_log_return_lag6,fuel_log_return_lag6,8.733268769544564,China_fuel_to_macro_ARDL,2013-10,2026-06,114
china_iav_yoy_pct,IAV,fuel_log_return_lag6,china_iav_yoy_pct_lag1,-0.0014356473480008807,China_fuel_to_macro_ARDL,2013-10,2026-06,114
china_iav_yoy_pct,IAV,fuel_log_return_lag6,GPR,0.002883667900257923,China_fuel_to_macro_ARDL,2013-10,2026-06,114
china_iav_yoy_pct,IAV,china_iav_yoy_pct_lag1,const,-0.01947902139438268,China_fuel_to_macro_ARDL,2013-10,2026-06,114
china_iav_yoy_pct,IAV,china_iav_yoy_pct_lag1,fuel_log_return_lag0,-0.011935817025331301,China_fuel_to_macro_ARDL,2013-10,2026-06,114
china_iav_yoy_pct,IAV,china_iav_yoy_pct_lag1,fuel_log_return_lag1,0.03916897102418752,China_fuel_to_macro_ARDL,2013-10,2026-06,114
china_iav_yoy_pct,IAV,china_iav_yoy_pct_lag1,fuel_log_return_lag2,-0.014994002719718628,China_fuel_to_macro_ARDL,2013-10,2026-06,114
china_iav_yoy_pct,IAV,china_iav_yoy_pct_lag1,fuel_log_return_lag3,0.037124889894236394,China_fuel_to_macro_ARDL,2013-10,2026-06,114
china_iav_yoy_pct,IAV,china_iav_yoy_pct_lag1,fuel_log_return_lag4,-0.04836453521273359,China_fuel_to_macro_ARDL,2013-10,2026-06,114
china_iav_yoy_pct,IAV,china_iav_yoy_pct_lag1,fuel_log_return_lag5,0.026949981538091906,China_fuel_to_macro_ARDL,2013-10,2026-06,114
china_iav_yoy_pct,IAV,china_iav_yoy_pct_lag1,fuel_log_return_lag6,-0.0014356473480009564,China_fuel_to_macro_ARDL,2013-10,2026-06,114
china_iav_yoy_pct,IAV,china_iav_yoy_pct_lag1,china_iav_yoy_pct_lag1,0.0032039653054492514,China_fuel_to_macro_ARDL,2013-10,2026-06,114
china_iav_yoy_pct,IAV,china_iav_yoy_pct_lag1,GPR,2.9545890557624558e-05,China_fuel_to_macro_ARDL,2013-10,2026-06,114
china_iav_yoy_pct,IAV,GPR,const,-0.0013262147479284738,China_fuel_to_macro_ARDL,2013-10,2026-06,114
china_iav_yoy_pct,IAV,GPR,fuel_log_return_lag0,0.000688292755420151,China_fuel_to_macro_ARDL,2013-10,2026-06,114
china_iav_yoy_pct,IAV,GPR,fuel_log_return_lag1,0.006305682913682391,China_fuel_to_macro_ARDL,2013-10,2026-06,114
china_iav_yoy_pct,IAV,GPR,fuel_log_return_lag2,-3.3513643478982205e-05,China_fuel_to_macro_ARDL,2013-10,2026-06,114
china_iav_yoy_pct,IAV,GPR,fuel_log_return_lag3,0.0032073566661719225,China_fuel_to_macro_ARDL,2013-10,2026-06,114
china_iav_yoy_pct,IAV,GPR,fuel_log_return_lag4,-0.010600962289148513,China_fuel_to_macro_ARDL,2013-10,2026-06,114
china_iav_yoy_pct,IAV,GPR,fuel_log_return_lag5,0.008060455306440903,China_fuel_to_macro_ARDL,2013-10,2026-06,114
china_iav_yoy_pct,IAV,GPR,fuel_log_return_lag6,0.0028836679002579137,China_fuel_to_macro_ARDL,2013-10,2026-06,114
china_iav_yoy_pct,IAV,GPR,china_iav_yoy_pct_lag1,2.9545890557626008e-05,China_fuel_to_macro_ARDL,2013-10,2026-06,114
china_iav_yoy_pct,IAV,GPR,GPR,1.1402043832198923e-05,China_fuel_to_macro_ARDL,2013-10,2026-06,114
