artifact_id,source_id,status,required,url,local_path,downloaded_at,checked_at,http_status,content_type,content_length_header,size_bytes,sha256,etag,last_modified,error
ec_weekly_oil_bulletin,SRC_EC_WOB,CACHED,True,https://energy.ec.europa.eu/document/download/906e60ca-8b6a-44e7-8589-652854d2fd3f_en?filename=Weekly_Oil_Bulletin_Prices_History_maticni_4web.xlsx,data/raw/ec_weekly_oil_bulletin_20260730.xlsx,2026-07-30T13:22:18+08:00,2026-07-30T14:35:00+08:00,200,application/vnd.openxmlformats-officedocument.spreadsheetml.sheet,4436105,4436105,e34c6d4d824e403523ead99f3c3a1048b082bd500e12bd3bac0a80f8cf3919c6,,,
eia_steo_jul2026,SRC_EIA_STEO,CACHED,True,https://www.eia.gov/outlooks/steo/archives/jul26_base.xlsx,data/raw/eia_steo_jul2026_20260730.xlsx,2026-07-30T13:22:18+08:00,2026-07-30T14:35:00+08:00,200,application/vnd.openxmlformats-officedocument.spreadsheetml.sheet,1094378,1094378,67741610f3bb74e011a55a40d9cb571f5ea9108a96ef7d144e65519abd72f490,"""0e9ba215dddd1:0""","Mon, 06 Jul 2026 15:35:54 GMT",
eia_us_commercial_crude_stock_weekly,SRC_EIA_WCESTUS1,CACHED,True,https://www.eia.gov/dnav/pet/hist_xls/WCESTUS1w.xls,data/raw/eia_us_commercial_crude_stock_weekly_20260730.xls,2026-07-30T13:22:18+08:00,2026-07-30T14:35:00+08:00,200,application/vnd.ms-excel,129536,129536,9854fb34901bc003e0757802543471a47387b5e838d9253d361748511df42402,"""805a36c15c1fdd1:0""","Wed, 29 Jul 2026 13:18:33 GMT",
fred_brent_daily,SRC_FRED_BRENT,CACHED,True,https://fred.stlouisfed.org/graph/fredgraph.csv?id=DCOILBRENTEU,data/raw/fred_brent_daily_20260730.csv,2026-07-30T13:22:02+08:00,2026-07-30T14:35:00+08:00,200,application/csv,173562,173562,5ad9de145a3bc1eac9d1ae1bcc2e0a7fab90b3b631f2f43990567390a7a10c9a,,,
fred_cny_per_usd_daily,SRC_FRED_FX,CACHED,True,https://fred.stlouisfed.org/graph/fredgraph.csv?id=DEXCHUS,data/raw/fred_cny_per_usd_daily_20260730.csv,2026-07-30T13:22:18+08:00,2026-07-30T14:35:00+08:00,200,application/csv,210889,210889,95a58cd5c2e5f91550e80452c44d7d750df3933d0642993b944cadb195fdd3cd,,,
fred_jpy_per_usd_daily,SRC_FRED_FX,CACHED,True,https://fred.stlouisfed.org/graph/fredgraph.csv?id=DEXJPUS,data/raw/fred_jpy_per_usd_daily_20260730.csv,2026-07-30T13:22:18+08:00,2026-07-30T14:35:00+08:00,200,application/csv,256007,256007,1fe3eeb841ef4b69decfbf754b77d89ad9feab0176216879083b5349239c9854,,,
fred_krw_per_usd_daily,SRC_FRED_FX,CACHED,True,https://fred.stlouisfed.org/graph/fredgraph.csv?id=DEXKOUS,data/raw/fred_krw_per_usd_daily_20260730.csv,2026-07-30T13:22:18+08:00,2026-07-30T14:35:00+08:00,200,application/csv,216313,216313,8bbe08b4e380232450cb15d579f9f303ee0fb82efce770ea219dfbe4f0462af8,,,
fred_usd_broad_daily,SRC_FRED_DTWEXBGS,CACHED,True,https://fred.stlouisfed.org/graph/fredgraph.csv?id=DTWEXBGS,data/raw/fred_usd_broad_daily_20260730.csv,2026-07-30T13:22:18+08:00,2026-07-30T14:35:00+08:00,200,application/csv,103545,103545,d9cc6a2f607514cdcf528b36492812ddde37ec1447b3218533a0fc9705049bbb,,,
fred_usd_per_eur_daily,SRC_FRED_FX,CACHED,True,https://fred.stlouisfed.org/graph/fredgraph.csv?id=DEXUSEU,data/raw/fred_usd_per_eur_daily_20260730.csv,2026-07-30T13:22:18+08:00,2026-07-30T14:35:00+08:00,200,application/csv,127771,127771,46b69014f1462e41e1ac13c658417f58bf32abd7875aa11161b1c7d0b4f349aa,,,
fred_wti_daily,SRC_FRED_WTI,CACHED,True,https://fred.stlouisfed.org/graph/fredgraph.csv?id=DCOILWTICO,data/raw/fred_wti_daily_20260730.csv,2026-07-30T13:22:18+08:00,2026-07-30T14:35:00+08:00,200,application/csv,178643,178643,cbb2a637c6f9da413922df0bd7953f4d9f972f4b89a26f70a5380550c6edcf57,,,
gpr_global_monthly,SRC_GPR,CACHED,True,https://www.matteoiacoviello.com/gpr_files/data_gpr_export.dta,data/raw/gpr_global_monthly_20260730.dta,2026-07-30T13:28:55+08:00,2026-07-30T14:35:00+08:00,200,application/octet-stream,763721,763721,c2aafbf44a18ce0d90f882d98edaf0f4a6e920488da07de950364fe477b006e0,"""6a6a6959-ba749""","Wed, 29 Jul 2026 20:58:01 GMT",
jp_meti_regular_gasoline_weekly,SRC_JP_METI_FUEL,CACHED,True,https://www.enecho.meti.go.jp/statistics/petroleum_and_lpgas/pl007/xlsx/260729s5.xlsx,data/raw/jp_meti_regular_gasoline_weekly_20260730.xlsx,2026-07-30T13:44:59+08:00,2026-07-30T14:35:00+08:00,200,application/vnd.openxmlformats-officedocument.spreadsheetml.sheet,2640844,2640844,5510047b7b1a49b5cf143bdf0e7c85139a7216b1a3d71b5c5585a3f1e8a2b95a,"""f9be26e9763bbf4cd2ac2e85937b0eea""","Wed, 29 Jul 2026 05:00:02 GMT",
kosis_kr_gasoline_monthly,SRC_KR_KOSIS_FUEL,CACHED,True,https://kosis.kr/statHtml/statHtml.do?orgId=318&tblId=TX_31802_A000&conn_path=I2,data/raw/kosis_kr_gasoline_monthly_20260730.csv,2026-07-30T14:33:00+08:00,2026-07-30T14:36:33+08:00,200-browser,text/csv; charset=utf-8,,3796,005b840309a76eeab32c35b9c2da44432ba2bac4955fecc25a4d0231a415accf,,,
nbs_cpi_202606_release,SRC_NBS_MONTHLY,REMOTE_ONLY,False,https://www.stats.gov.cn/sj/zxfbhjd/202607/t20260709_1964084.html,data/raw/nbs_cpi_202606_release_20260730.html,2026-07-30T13:22:18+08:00,2026-07-31T13:58:06+08:00,200,text/html,,233835,f25810030985bd3509f8af54a62d54675cd7c85635172f97731b8f1a5f3b42fd,,,"local HTML snapshot not committed; URL, metadata and processed extraction retained"
nbs_gdp_2026q2_release,SRC_NBS_GDP,REMOTE_ONLY,False,https://www.stats.gov.cn/sj/zxfbhjd/202607/t20260716_1964142.html,data/raw/nbs_gdp_2026q2_release_20260730.html,2026-07-30T13:22:18+08:00,2026-07-31T13:58:06+08:00,200,text/html,,263171,75eed891093dcdc14c3ecd9c9e60f213f283154bb6e5271532c3aa1134473ba6,,,"local HTML snapshot not committed; URL, metadata and processed extraction retained"
nbs_iav_202606_release,SRC_NBS_MONTHLY,REMOTE_ONLY,False,https://www.stats.gov.cn/sj/zxfb/202607/t20260715_1964123.html,data/raw/nbs_iav_202606_release_20260730.html,2026-07-30T13:22:18+08:00,2026-07-31T13:58:06+08:00,200,text/html,402625,402625,d9b25daab9876823eb3f3bf3762cd56d4e8a22f5aede3a20ef595c0adb892e84,,,"local HTML snapshot not committed; URL, metadata and processed extraction retained"
nbs_ppi_202606_release,SRC_NBS_MONTHLY,REMOTE_ONLY,False,https://www.stats.gov.cn/sj/zxfb/202607/t20260709_1964083.html,data/raw/nbs_ppi_202606_release_20260730.html,2026-07-30T13:22:18+08:00,2026-07-31T13:58:06+08:00,200,text/html,,248212,d79bccedf36ece3545b1f24483e1939118ad10e6f8aaad165ecc15b897d04dad,,,"local HTML snapshot not committed; URL, metadata and processed extraction retained"
ndrc_fuel_control_20260323,SRC_NDRC_FUEL,REMOTE_ONLY,True,https://www.ndrc.gov.cn/xwdt/xwfb/202603/t20260323_1404296_ext.html,data/raw/ndrc_fuel_control_20260323_20260730.html,2026-07-30T13:22:18+08:00,2026-07-31T13:59:00+08:00,200,text/html,3249,3249,d7b0775fcaffd7af701575e442bcb21759e0dc98a6390eb13afe523bb6c9bd45,"W/""3249-1774249183000""","Mon, 23 Mar 2026 06:59:43 GMT","local HTML snapshot not committed; URL, metadata and processed extraction retained"
ndrc_fuel_control_20260407,SRC_NDRC_FUEL,REMOTE_ONLY,True,https://www.ndrc.gov.cn/xwdt/xwfb/202604/t20260407_1404528_ext.html,data/raw/ndrc_fuel_control_20260407_20260730.html,2026-07-30T13:22:18+08:00,2026-07-31T13:59:00+08:00,200,text/html,3371,3371,4568394052148195d04723bbe49b7f6540f27bb8f082eab918fa6b876f5ecbf7,"W/""3371-1775545105000""","Tue, 07 Apr 2026 06:58:25 GMT","local HTML snapshot not committed; URL, metadata and processed extraction retained"
oecd_g20_cpi_monthly,SRC_OECD_G20_CPI,CACHED,True,"https://sdmx.oecd.org/public/rest/data/OECD.SDD.TPS,DSD_G20_PRICES@DF_G20_PRICES,1.0/CHN+DEU+ESP+FRA+ITA+JPN+KOR.M...PA...?startPeriod=2010-01&endPeriod=2026-06&dimensionAtObservation=AllDimensions&format=csvfile",data/raw/oecd_g20_cpi_monthly_20260731.csv,2026-07-31T12:46:16+08:00,2026-07-31T13:05:25+08:00,200,application/vnd.sdmx.data+csv; charset=utf-8,,110997,050244ccf715e9b754a58f1ff15e2152d951c403294017953889ff66536e15c6,,"Fri, 31 Jul 2026 04:22:58 GMT",
oecd_kei_ip_monthly,SRC_OECD_KEI_IP,CACHED,True,"https://sdmx.oecd.org/public/rest/data/OECD.SDD.STES,DSD_KEI@DF_KEI,4.0/DEU+ESP+FRA+ITA+JPN+KOR.M.PRVM.IX.BTE..?startPeriod=2010-01&endPeriod=2026-06&dimensionAtObservation=AllDimensions&format=csvfile",data/raw/oecd_kei_ip_monthly_20260731.csv,2026-07-31T12:46:16+08:00,2026-07-31T13:05:25+08:00,200,application/vnd.sdmx.data+csv; charset=utf-8,,108722,c12de10710351d5757e44e159455c948b69ecd40537a3022940bd13c961e6aed,,"Fri, 31 Jul 2026 04:23:03 GMT",
